ShotNum,ColVar,MotionMean,MotionStd,LightKey
1,164656.679909016,0.014047004914545,0.0304808606372551,0.104656007647982
1,169436.077224001,0.00118470307821735,0.00424650696230846,0.104622114606578
1,172620.401940016,0.00118609988029438,0.00407388102066858,0.104558853167106
1,173181.008695689,2.39727532476529e-05,0.000222993490527704,0.104539046053011
1,172749.531555699,0.00118101318931502,0.00401248320566247,0.104564409302898
1,176334.712871896,0.00119014128978223,0.00402727883540087,0.104464643897626
1,180035.681343668,0.00116751795667932,0.00392056416410252,0.104511257803061
1,184456.196794868,0.00106906823470062,0.00363218622096063,0.104389951995737
1,183477.825251853,3.27414375649581e-05,0.000273030957661136,0.104366846822491
1,185779.646422195,0.00103345573617037,0.00372626399984563,0.104319600497662
1,188871.355748589,0.00108762877829897,0.00404978644956171,0.104100292325669
1,189897.059231046,0.0011329444235092,0.00424334696607438,0.10397080163144
1,191775.495665037,0.00118826484629569,0.00431936513404181,0.103861860099925
1,191327.126472638,2.59549115725512e-05,0.000212444551721584,0.103832140939464
1,191780.81843033,0.00117177920953618,0.00420926942875023,0.103823711605308
1,184278.30324314,0.00109748801150782,0.0039430115084479,0.103489562177837
1,184421.824227329,0.00100165070323874,0.00378653672714344,0.103432076826406
1,198156.055904031,0.000873050628325565,0.0035233395773882,0.103388366009681
1,198540.881100944,2.54533180460002e-05,0.000303182653114568,0.103368964962331
1,202201.287450398,0.000756829455020185,0.00333695876911064,0.10352670038698
1,207118.532362214,0.000773224579003909,0.00353987638190078,0.103456674064212
1,215719.386043337,0.000858882085046647,0.00380263377271968,0.103578064105648
1,233043.804136818,0.00102504206433998,0.00398101909955025,0.103475763055944
1,232548.595733032,2.14074710849033e-05,0.000216634243219063,0.103462192942168
1,242352.706146575,0.00119984940943206,0.00440633325248368,0.103460345136514
1,252196.989962478,0.00138287588906979,0.00506406892223491,0.103549535568552
1,252823.970187999,0.00156379293043029,0.00558662527872482,0.103841644448334
1,257527.465841156,0.00166845244969301,0.00568547264245667,0.104318986581067
1,258517.174186471,8.95978767301815e-06,0.000111887864655561,0.104303955295039
1,234501.141144805,0.00168283878499122,0.00628444439224493,0.104700621852376
1,208496.666048539,0.0016576216799629,0.00617530830423053,0.104301166620853
1,171820.17497816,0.0015469870341969,0.00566143184012381,0.103240581698804
1,159797.409753689,0.00147748781268491,0.00575037967720488,0.101614367511408
1,160348.430560437,1.31142010492441e-05,0.000209921763633539,0.101611198084973
1,162253.676203643,0.0011507329345324,0.00454232889873783,0.101145990389242
1,166983.925161614,0.000960412417674412,0.00411434971074779,0.10114582218601
1,169536.164929455,0.000811337528845106,0.00383678777773972,0.100981144689463
2,87002.0106654424,0.00739304889195437,0.0208677152478807,0.126459549286706
2,86512.7825481845,2.62532242360906e-05,0.000318578960303437,0.126471574118233
2,87905.6638860715,0.00157337221773575,0.00977334903006205,0.126509353144581
2,83981.7088438353,0.00167533107100323,0.00999754076286468,0.12621736059575
2,85504.1893758158,0.00164076854640038,0.00965189043437296,0.126154429815908
2,86970.6485142683,0.00110978551674435,0.0068057025823174,0.126023369836227
2,87067.2557133652,4.27859475203494e-05,0.000417075310615098,0.126011727778336
2,85926.8456261387,0.000853096502039898,0.00699953087031255,0.12612516810949
2,84333.6929037547,0.00105489794043243,0.00825798391293569,0.126227980847427
2,84473.3380251413,0.00065405125103161,0.00605120301697889,0.126184223964773
2,86541.9683192499,0.000466263683341568,0.00340426434508418,0.12622264699695
2,86506.684828354,4.59989036889076e-05,0.000397806253239033,0.126183522933051
2,89037.4886475895,0.000296216176320632,0.001959633219173,0.126343164452314
2,87424.2333752211,0.000387307520718296,0.00269313253234643,0.126293709881947
2,88155.3128323949,0.000367813055298329,0.00231886886224632,0.126399577169465
2,90208.9628188756,0.000466515597596403,0.00314793757759937,0.126476637594569
2,90742.5526241397,6.81686028629188e-05,0.000494924696044967,0.126490713050534
2,91013.3451426906,0.00074467474783428,0.00471161362739458,0.12664240426027
2,93898.0643964417,0.00082749819189965,0.00541197727367098,0.126795408608247
2,95050.9011886224,0.0008482705840292,0.00580217283715012,0.126885767413472
2,98031.8870860729,0.00105094762137851,0.00718748684944609,0.127156632716796
2,97988.2364702849,5.51173210146256e-05,0.000381770820816088,0.127100011033199
2,97509.5996475532,0.00100129629896848,0.00621805283612408,0.127334334940589
2,91894.5221908291,0.000747632846172415,0.00450836844163124,0.12737645412971
2,90240.7927385246,0.000657347204777177,0.00376297696980872,0.127266230151035
2,93588.9380772169,0.00103141488499973,0.00571015739190628,0.127264127819531
2,92392.2691583516,6.38414756814318e-05,0.000638503215638232,0.127221894641388
2,93421.3976687089,0.000684023533299816,0.00407614810900148,0.127261814214145
3,99611.1103527559,0.00432593176457715,0.0140627942412953,0.141261277382388
3,98173.3459853544,0.000194265868796188,0.0013232028441039,0.141439214112784
3,97749.1404857855,0.000230207006948462,0.00158310276847144,0.141526131306996
3,97429.7828507067,2.36819769072787e-05,0.000254481053523105,0.141491439514742
3,98684.3550671049,0.000275858579054102,0.00217496024732268,0.141564473959608
3,99508.2071984115,0.000288559437658977,0.00246559576705395,0.141552540522011
3,100073.860984432,0.000273585118653687,0.00225068390167497,0.141508736612146
3,103607.71498255,0.000291685518712417,0.00217122385506268,0.141435589906322
3,102930.4851376,3.2697384590566e-05,0.000352931092374666,0.141412723229979
3,103573.477628861,0.000315177401707249,0.00224519371199354,0.141409580388334
3,105422.067833283,0.000284660791539399,0.00204217842065301,0.141345626986127
3,105409.522925265,0.00021649127791273,0.00147820042144757,0.141211665382543
3,107973.182159925,0.000216740344169906,0.00132726762967993,0.141120878777013
3,107057.231691001,2.42456940040413e-05,0.000193801932044837,0.141069552371457
3,112815.638368661,0.000178266423348972,0.00140319077284016,0.14112119020525
3,110178.414245857,0.000167140368778817,0.0013486332588379,0.140948096729565
3,111386.862951093,0.000122644392633723,0.000884615405437295,0.140921168547887
3,112040.331515314,0.000171777096116212,0.00126688748037058,0.14081270923805
3,112221.317053737,2.61909444538494e-05,0.000292880163215381,0.140803876154446
3,117675.535354969,0.000167730013318048,0.00122854771559506,0.140892458492911
3,114902.744447722,0.000183269394754185,0.00123599474930142,0.140642705741051
3,118103.7133543,0.000230010819094535,0.00145615878715354,0.140528639277345
3,123383.492156542,0.000264854471608605,0.00177958296213036,0.140275638349822
3,122368.030180743,2.2321175978434e-05,0.000181928298376754,0.140228415187638
3,121786.129637212,0.000237150028977604,0.00157188469145612,0.140032663517143
3,121836.952605062,0.000237136149814716,0.00141664547906916,0.13977178566773
3,122142.398510457,0.000185507109576911,0.00125529894991443,0.139678630164339
3,125124.480335157,0.000166834493269366,0.00126742367880547,0.139626687721439
3,123954.910597449,2.3052076808512e-05,0.000279779987177349,0.139582648423275
3,123967.153881691,8.00944902133311e-05,0.00066760626115272,0.13961566491611
3,127177.66661093,9.22651690858722e-05,0.00070643864950459,0.139699125137993
3,125204.734107195,0.000119411997050232,0.00103555488067215,0.139594879675845
3,128478.409025863,0.000112580926590105,0.00120201767042738,0.139581514004159
3,127869.00962223,2.81347972595871e-05,0.000740770122886197,0.139537109103687
3,132646.000285439,0.000154680841686481,0.00128780150565276,0.13964845716328
3,129527.127853477,0.000121151380380199,0.00112880139488781,0.139568858026102
3,129983.3150521,0.000162563302371017,0.00119725827881761,0.139520260424853
3,130915.122260065,0.00023753027106262,0.00151144894162457,0.139398233959847
3,131400.582275872,2.15464442134427e-05,0.000379961301549735,0.139393177671147
3,130860.973580499,0.000229545848658073,0.00182047143756625,0.139439456519638
3,129974.410867626,0.000178332970272485,0.00152557007274819,0.139397888525076
3,130623.665659518,0.000175920027863305,0.00142475387797215,0.139479535406135
3,134227.803740918,0.000198818308850278,0.0015726891791776,0.139622895230126
3,132659.578272554,3.28870282626263e-05,0.000462616860106947,0.139577673248044
3,132427.843523208,0.000298459621310594,0.00269267847357702,0.139735450189682
4,120760.039557299,0.00476033777643361,0.0129274367079765,0.100097601909607
4,122467.091445773,0.000938431413702983,0.00466783318898433,0.0999533289932909
4,126259.68683128,0.00107302160364816,0.0051469127143241,0.0996579640096999
4,126298.685427916,2.35295977746558e-05,0.000209318759579066,0.0996219939938309
4,125762.801446334,0.000941607582352353,0.00430681035574278,0.099412664387392
4,127528.901578963,0.00120384245545601,0.00520801360378572,0.0992007063527945
4,126488.48445677,0.00101304653149498,0.00424613246652211,0.0992737328087305
4,129175.952349106,0.000773217212112455,0.00389210538278988,0.0993688601347514
4,129186.532083007,3.63561614643898e-05,0.000475411794688111,0.0993158578455678
4,128945.531427449,0.000782009164386146,0.00383265146892516,0.0991699217351497
4,121965.070910238,0.00104490130031497,0.00464812337418509,0.0986318599527077
4,122439.957772218,0.00112730307737665,0.00478198407070009,0.098386875790844
4,125837.042013228,0.00118497911202274,0.00475888234197433,0.0980184160368721
4,125907.420050164,2.11829998483598e-05,0.00020864880549372,0.0979512515112884
4,126401.233182401,0.00114046168322203,0.00462463632087038,0.0975247787687651
4,127055.692238178,0.00131749484641683,0.00540286527347019,0.0969275637078807
4,126961.181606538,0.00121763595115047,0.00520195897104574,0.0964674802035885
4,127224.806800467,0.00102881677921403,0.00464987992289362,0.0961524895650074
4,126798.817343938,3.12588304511131e-05,0.00034703692620321,0.0960943242630869
4,125334.273800012,0.00117990190870778,0.00534665198670001,0.0957540722927496
4,125878.433977605,0.000967297391375395,0.00399753394184423,0.0953440183883693
4,127400.009809262,0.00106443111279369,0.00462563094245956,0.095124213634682
4,131438.808635239,0.000761034468299898,0.00346168544003948,0.0949969184210979
4,131191.704378065,3.45512054678964e-05,0.000413697281691581,0.0949258033838607
4,131039.69615999,0.000610611556055124,0.00331347027361729,0.0952437144077411
4,134883.011255927,0.00106312294985075,0.00470046728455815,0.0956265956352555
4,136895.166538981,0.000958403483974928,0.0040049686572814,0.0959466294551085
4,140157.682286021,0.00113133683020309,0.00465859712299458,0.0965228683165571
4,140294.973409946,2.83144769551349e-05,0.000275810073143458,0.0964810213220752
4,141516.454064962,0.001299198618782,0.00533542394334593,0.0972208387747422
4,143089.577457381,0.00126560588225451,0.00518461845915467,0.0977782001898318
4,147042.80792749,0.00100633467704964,0.00433459956062059,0.0982413618191223
4,151502.909548816,0.00080133293908413,0.00362556542279254,0.0985620919824701
4,151357.186903605,2.81170885191147e-05,0.000249757387248722,0.0985371444585559
4,154737.649449196,0.000834556308529717,0.00358885429483227,0.0988583553013305
4,154053.264859245,0.000573452783728883,0.00233738612331424,0.0987859398697741
4,154512.44061957,0.000546364293331519,0.00289931233519134,0.0988943982265245
4,158750.661304543,0.000524693383009731,0.00261196750987187,0.0988574729408396
4,159707.641076672,4.02589020559046e-05,0.000385376235655538,0.0988298336066442
4,159442.320415999,0.000567873708699933,0.00293503308389652,0.0986905936571715
4,157140.449943555,0.000696536595837132,0.00320197315581452,0.0984201478347056
4,155946.292949019,0.000932590728773501,0.00421386451889011,0.0981824833610304
4,157285.80824911,0.00120480771360558,0.00543775889540237,0.0975364330161458
4,156989.235894594,2.40350856784395e-05,0.000329865554684246,0.0975087630168308
4,154860.771878768,0.00118814421994199,0.0050448057604941,0.0969879421145648
4,153373.826079751,0.00106396383093956,0.00444145148107854,0.096376527842531
4,150047.491952558,0.00101888255044826,0.00462496985904323,0.0964826380162154
4,153603.598352371,0.000579365168431854,0.00337337365816462,0.096740784356025
4,152115.691526291,8.36644916922977e-05,0.000637029453909679,0.0966436017979482
4,155993.213019426,0.000727022242831242,0.00392168620427463,0.0968961397982083
4,157318.615097725,0.000593201725539951,0.00320232624390301,0.0969970714553858
4,157184.938707072,0.000554069934037811,0.00272029931924534,0.0971849931971208
5,125460.581674919,0.00745993793079945,0.022181284975979,0.157354582541156
5,126223.379724968,1.25639224320499e-05,0.000163062218365054,0.157372346350897
5,125099.050175893,0.00221139250468559,0.0124443672091706,0.157603959980767
5,125410.970610426,0.00278423232945326,0.0148891055686236,0.157382083974162
5,127168.71415269,0.00266790095225711,0.0157697010310869,0.1574134446906
5,128072.692737752,0.00296351549593419,0.0164198090778421,0.157630879291634
5,127996.13243269,3.02660206606912e-05,0.000357724057189302,0.157631493811915
5,127497.845807414,0.00241657504854181,0.0136616963902326,0.157508305815903
5,126891.239965214,0.00372047048633974,0.0189253893397531,0.158258435328461
5,127547.282486662,0.00290756500633061,0.0150308597894941,0.157897613482008
5,127230.038984254,0.00315821735298406,0.0167647513919173,0.157741423881817
5,127636.690407892,1.99153795931551e-05,0.000267695644622125,0.157745066813447
5,130628.046303893,0.00368804442792235,0.0185882743792994,0.158685551923906
5,130088.874063604,0.00235597463228133,0.0143179004218488,0.158220452527179
5,130282.662087485,0.00295600504257269,0.0159579817995915,0.157802355096283
5,133299.190556021,0.00169972650788157,0.0101290025736647,0.158056239638288
5,133400.953879249,3.15085059907254e-05,0.000308712849993372,0.15804404077146
5,132145.981568317,0.00184531146319095,0.0102854619369797,0.158155696753347
5,128708.756249037,0.00142395696773681,0.00852759257838402,0.157963185097737
5,129442.63012162,0.00163100054370244,0.0112985751482262,0.157830358660837
5,128682.920601705,0.0014115138457574,0.00932445497597327,0.15768281630392
5,128379.6169741,3.74093029601423e-05,0.000402867176252679,0.157669189067041
5,128588.802192638,0.00251466034294698,0.0133889158062443,0.157891080268879
5,128140.447764375,0.00163862066537091,0.0103371502035244,0.157469465649936
5,126460.954046073,0.00304487448180587,0.0164208709953437,0.157005797431982
5,126408.094278037,0.00309118430391726,0.0158800040424155,0.157539538377468
5,126986.694574668,2.63004033313355e-05,0.00032489914321785,0.157547586312442
5,127000.517695013,0.0029289002833867,0.016149370915415,0.15753636752314
5,127000.552873491,0.00347597330843333,0.0175622660450937,0.157255072114219
5,128461.305277588,0.00346259976925875,0.0180741538603959,0.157043315066344
5,130762.786646594,0.00419664361881792,0.0200675906699943,0.158508895381412
5,130410.376027006,1.53230244739419e-05,0.000216345184085022,0.158510578902552
5,127643.295588368,0.0022826182991826,0.0137301469359284,0.158161941957162
5,123837.758084262,0.00399538975784869,0.0187393600387097,0.157007120121149
5,125736.734396764,0.00324538221743136,0.016559077318835,0.157430776634353
5,126716.228669883,0.00267039034744013,0.0145520830663123,0.157481363353058
5,125840.733943517,9.04583514607578e-05,0.000514109156332237,0.157454392727764
5,126861.394483561,0.00373983882324471,0.0186047949886713,0.158294469776867
5,126628.079644716,0.00262006836875264,0.0151411239712409,0.157867144117881
5,129060.415379517,0.004037283330957,0.0199340530424813,0.15722617422876
5,130406.486463009,0.00335952244456143,0.0169712914213096,0.157609003352635
5,131796.06194191,4.07646911247326e-05,0.000386214666622207,0.157639496672597
5,131249.592234489,0.00169066085287198,0.00959649213260359,0.157807514039904
5,131223.116373784,0.0027130087536719,0.0150513617531206,0.158360461849125
5,132114.06003579,0.00271156435562005,0.0140152523065679,0.158317627465713
5,133413.905986968,0.00273189926866008,0.0149321969099839,0.158838814522323
5,133284.489744599,2.22240331365576e-05,0.000210193712960819,0.158814414392165
5,134550.705799257,0.00331889976049503,0.0168883675011002,0.15951668727799
5,126498.949355051,0.00378496874914409,0.0182498137132507,0.159093899366528
5,129589.969861133,0.00160159172575055,0.00968772628854057,0.159633425471641
5,131385.818522577,0.00367829651813616,0.0182602904594924,0.160117605529926
5,128029.86373326,0.00343733536553637,0.0171548828835812,0.159466732727184
5,128136.421050082,0.00219227690963353,0.0128165209419047,0.160112365731296
5,129354.885687601,0.0026666456741509,0.0156056513437389,0.159945874729051
5,129252.283227011,1.42996802447693e-05,0.000188780477468195,0.159943190802005
5,129277.127264289,0.00371293925491118,0.0178725182105699,0.159395112517606
5,129919.769585797,0.00384080091235931,0.0185704570711016,0.160786656919448
5,130842.041403824,0.00285681317550811,0.0160189699248805,0.160140324204569
5,130167.02479214,7.42382444499578e-05,0.000615932829538187,0.160087700738036
5,128344.378109257,0.00381934035231355,0.0181695024093663,0.159093204676267
5,127479.942085922,0.00358547270015202,0.0175309802532621,0.159185815489363
5,124230.449065505,0.00337999534203607,0.0175417764460756,0.159117227156372
5,124941.209251218,0.00329439790341563,0.0167673335021217,0.158547164400267
5,125500.224148216,2.40913731187504e-05,0.000256230009366325,0.158537270651321
5,125506.930890802,0.00193435939097106,0.0108241308164195,0.15840290502866
5,127524.528522565,0.00315813987603815,0.0170431638331202,0.15865908162129
5,129415.342419255,0.00336894202222172,0.0167575312134252,0.158630235031594
5,130815.788518265,0.00404697287331914,0.0187823293304394,0.157868907624124
5,130523.587658633,1.28427173550067e-05,0.000163584194072033,0.157879998692602
5,130362.650431217,0.00308879603523814,0.0146549520501604,0.159010734101437
5,131167.04846083,0.00368776990197863,0.0178825911752579,0.158555338645461
5,132373.841426735,0.00289452487089465,0.0142823334898015,0.158040732196105
5,133362.393040261,0.00198007756993084,0.0114904298043344,0.157716632232917
5,133386.080329479,1.74551000016442e-05,0.000238878939746073,0.157706451989598
5,135073.325480997,0.00296802719178989,0.0148125408291157,0.15805443107546
5,134373.239690824,0.00340924265854616,0.0173510857118078,0.158402526561287
5,130804.573433213,0.00417463919095872,0.0190930438031378,0.15768066177336
5,130654.077911874,0.00416819493109027,0.0195925058935695,0.159024683144741
5,130533.055972072,1.42255371554926e-05,0.000182975262074322,0.159018273839656
5,129375.57360503,0.00268315809637331,0.014798166378063,0.15847745664004
5,129073.006034263,0.00251964236090853,0.0143386212028709,0.158232161270256
5,128841.8022304,0.00296329014253141,0.0154034644484449,0.157913149327477
5,129549.029628829,0.00129524548205976,0.00796795072002986,0.157421163593287
5,129740.650378712,7.92179583040989e-05,0.000491794564696636,0.15740108514302
5,128677.103058625,0.00350249629196002,0.0173501941835755,0.156841256060698
5,129894.426945665,0.00290480190846559,0.0142933961165485,0.157132958444909
5,130457.002339612,0.00165563800105384,0.00922673163960317,0.157065097515628
5,132383.256015214,0.00194571368607953,0.0105206288781848,0.157692741128935
5,132621.661313493,2.44399342844199e-05,0.000264303921795728,0.15769873713857
5,134873.114858951,0.00362806181734492,0.0176695698417357,0.157583910960927
5,136037.087486118,0.00359322919115837,0.0172001220119573,0.157282208437129
5,132622.489241315,0.00252356086775291,0.0130860771072893,0.157574686886095
5,131518.503855994,0.0030023405872308,0.0154583824197433,0.157706386387827
5,131727.239882219,2.46326117869447e-05,0.000267625371888411,0.15769713229397
5,132213.06491351,0.00259706363987872,0.0132072952380037,0.157410911912031
5,133952.568582739,0.00275782346501207,0.0147698232191821,0.157226316003036
5,131930.469962613,0.00275351651473853,0.014795961951535,0.156702521859267
5,133995.112248634,0.00403570498053347,0.0191026281333031,0.156050470841091
5,133964.559573086,1.53925873194754e-05,0.000242829618744832,0.15603723920089
5,134238.096645068,0.00355790987327518,0.0179680887172582,0.155653507607593
5,137705.518700033,0.00369188033111876,0.017931048401802,0.156329560830862
5,139785.363595541,0.00255693669988277,0.0133002495715626,0.155499823977836
5,142374.786266113,0.00218393536967022,0.0124818517898753,0.155299689515328
5,142634.554598187,2.83633044106002e-05,0.000297952454458474,0.155285251353726
5,143561.870460569,0.00339075112948005,0.0169051726716656,0.155470955157284
5,143169.139638781,0.00245293808067868,0.0129344925762054,0.155257023053667
5,139504.91351472,0.00363786300633505,0.0180338685552836,0.154719090218487
5,140885.673229414,0.00353111296804696,0.0169634709256965,0.155358569983946
5,140166.345840272,8.14639378627702e-05,0.000434589258189427,0.155356353963302
5,138965.855944788,0.00232845805737982,0.0119818703609788,0.155379414042059
5,137549.372713945,0.00212947591936787,0.0121410601913579,0.15605463869196
6,57840.4435231221,0.00816081817147907,0.0174895685830799,0.122708832015573
6,59198.5235443715,0.00108488068487545,0.00428013916473475,0.123095423524747
6,59275.4087494266,6.1360318915379e-05,0.000413420343381701,0.123058404949299
6,60279.9135759096,0.00110263845352291,0.00460394929841481,0.123279734602351
6,61446.1907211604,0.000975019187069855,0.0042083884380396,0.123364116165956
6,62436.1800000014,0.00096830746860029,0.00314984052435179,0.123365736335313
6,62826.1347526595,0.00109894986023608,0.00381758913127167,0.123491325953484
6,63067.2677908742,4.69995529468888e-05,0.000387256520151179,0.12349230851687
6,64533.2372973767,0.00112483628065659,0.00371022144756485,0.123616307608928
6,65357.4625925181,0.00110745636937015,0.00336684292402947,0.123795159392156
6,64330.7240411791,0.000930825431492915,0.00323997705352717,0.123858694261208
6,64283.2044095896,0.000877746188758009,0.00312103821347317,0.124059690585092
6,63375.5562884935,0.000135653044895314,0.000799596287315181,0.124068952566719
6,63882.6119177671,0.000923863576940801,0.00337219559233282,0.124488249827096
6,64021.6515671145,0.00110601884447831,0.00405576769802202,0.124779805523953
6,64146.8107633498,0.00119714555549707,0.00407587267386424,0.125199623307522
6,65171.8518143631,0.00121050325875367,0.0037577444994116,0.125277042087285
6,65334.1911753568,2.72526135341728e-05,0.000238139836304839,0.125265727289832
6,65917.7364198317,0.00118315340773614,0.00397403026091782,0.12514098857398
6,66014.5505269615,0.0011894321608921,0.00385165115876084,0.12519804108517
6,66964.5777341284,0.00107796468470011,0.00402693615688239,0.125450883335851
6,67740.7458539489,0.00106813084035596,0.00370983676987603,0.125968834464204
6,67878.4485690436,5.27301843775044e-05,0.00027038507093611,0.12593342425959
6,68625.4146747816,0.00109380260140363,0.00376690555974025,0.126534549138351
6,70697.0589669097,0.00109910850436683,0.00382447290439302,0.126883751292494
6,70262.96667657,0.00127474135744179,0.00417807570220875,0.126939032671192
6,70928.4414694695,0.00130332643524694,0.00418354945977121,0.127580974011036
6,71087.3937073451,3.84273810201066e-05,0.000300004700714635,0.127557119760098
6,70855.2122962728,0.00133765837151228,0.00428167097642854,0.128200717712106
6,70849.4656434752,0.00121339150498987,0.00367921400051988,0.129042509486014
6,72465.7000773217,0.00114934595653697,0.00403275263396849,0.129468229691381
7,109320.776152062,0.00524335877934779,0.0151358220785747,0.109860943305271
7,110406.714453476,1.30231094365689e-05,0.000216389494982451,0.109897935584547
7,113973.063844091,0.000458667433781107,0.00176174309424909,0.110008230526152
7,115547.030740645,0.000594020180953079,0.00223232500460729,0.109948971320464
7,118815.300666953,0.000466251728137256,0.00197154592242969,0.109804421876475
7,118553.020425208,0.000308736990975638,0.00132094744957819,0.109631841554432
7,119543.380948446,4.58285707998105e-05,0.000379570536630742,0.109693534663167
7,122301.034246799,0.000174463125213626,0.00172756451994595,0.109683338866369
7,121597.154731195,0.000228386940053188,0.00165240955921845,0.109685370119609
7,121508.981465436,0.000393612665092391,0.00215004525400035,0.10953602305256
7,119225.520990311,0.000365089670047535,0.00159859790434507,0.109307534730723
7,119873.529754367,4.63704664524476e-05,0.000345271236607434,0.109335259572531
7,121644.683559991,0.000395985225334774,0.00162803731898156,0.109230664967366
7,122643.465730738,0.000305344588613098,0.0012136656339012,0.109159138054835
7,123235.874684694,0.000218727659067674,0.000951678517229373,0.108999957158326
7,125141.347862037,0.000120893393979071,0.000602948780871666,0.109004679960794
7,123896.877764919,3.4462042968897e-05,0.00028094596111392,0.108955274783735
7,127874.272507709,9.91291539491926e-05,0.000647773284225499,0.109114881917477
7,126931.62551894,0.000107114396034487,0.000988939640116963,0.109105206462598
7,126143.110166656,0.000213501310668794,0.00140922024752938,0.109137530656904
7,126202.803143417,0.000368093466107533,0.00189857599932979,0.109179938070909
7,126464.266228454,4.61355964972581e-05,0.000399829896113946,0.109166837230104
7,128351.72716225,0.000423024417036287,0.00180198710663237,0.109205072837283
7,128454.221998193,0.000476353919065817,0.00193189941706973,0.109137309061601
7,127920.795668811,0.000580741710867883,0.00236477364710189,0.10904489712002
7,127466.896501674,0.000470647778191874,0.00201980734020079,0.109115837938305
7,129925.139258374,4.47456527865495e-05,0.000313996821808556,0.109184394890491
7,130134.656389162,0.000368850752896983,0.00152533690515058,0.109215561484139
7,132030.999129927,0.000515330809745426,0.00198456566010539,0.109496329067846
7,134019.510078392,0.000501347626225178,0.00192121863256472,0.109696388590673
7,136136.951049947,0.000504219298794653,0.0019491822967053,0.110000746257609
7,134640.237471639,3.07314202927358e-05,0.000301988453375888,0.109953584051012
7,138772.429674898,0.000618201528572275,0.00240182619028234,0.110233615097038
7,140183.554674214,0.000494737906537041,0.00197698970609416,0.110534460199326
7,141105.696267221,0.000486284008186844,0.00187242527548448,0.110781069590467
7,143129.16432214,0.000431801402748749,0.00171534250472387,0.111141227402975
7,139153.96386299,8.60257862336514e-05,0.000657333648744275,0.111059699317203
7,141158.293851399,0.000498267650711687,0.00196398670852504,0.111290151777469
7,140743.497629104,0.000557698298301435,0.00223289836307658,0.111590884498775
7,138401.480842828,0.000573051939263606,0.00234031258055992,0.111657180076449
7,137630.708791537,0.000519277061045225,0.00212938461506289,0.111801587813355
7,138982.318341139,4.75394597636971e-05,0.00036807000887405,0.111879223511292
7,138574.411095133,0.000445986710628211,0.00195179692451106,0.111851602265842
7,140711.861529435,0.000565900429991292,0.00247114779708345,0.111964551338544
7,141531.459519107,0.000705105477768514,0.00293702695384867,0.111935180267748
7,143029.705140134,0.000762599660083047,0.00304621120822574,0.111969708692154
7,142298.542848411,2.20562419902896e-05,0.000243794544368977,0.111923392295285
7,144464.460303583,0.000818899121021484,0.00318657433894419,0.111808450886331
7,141059.12234916,0.000893151193776255,0.00343328359827697,0.111562492156772
8,233350.20403167,0.00925809454923715,0.0256238645496515,0.131636823578624
8,234605.028783985,0.00143091046994995,0.00644133203835404,0.131535049826286
8,234639.964240452,4.48743286330185e-05,0.000449433952497983,0.131529444125344
8,233844.929969368,0.00130021890626151,0.00584945667545919,0.131331757433846
8,228970.915175394,0.00120500428643505,0.00583612326312793,0.131200874206505
8,227517.808047181,0.00133230169884018,0.00623740924807678,0.131199937976916
8,228739.261307277,0.00113063863490252,0.00562883720216697,0.131026179325237
8,229005.579716135,4.87024736361748e-05,0.00037317976054411,0.131061340931723
8,229420.085235878,0.000925103613570709,0.00617474949737505,0.13075988673195
8,228045.179385663,0.000913857131593796,0.00577623266127573,0.130569103175295
8,223994.01173688,0.00100121460325126,0.00563790934081247,0.130445891070889
8,224084.125605812,0.00114571325355523,0.00556727299469417,0.130310053371129
8,223263.485321505,0.000114572703174647,0.000751422965281748,0.130313198184423
8,219186.868161613,0.00117155235558669,0.00533802106696715,0.13037404997064
8,224798.187070124,0.0011781582499518,0.00533478471296579,0.1302225193917
8,220266.408149061,0.00108484071403485,0.00509906020512263,0.130126791454849
8,222355.903436493,0.00102767325701842,0.00487689058770478,0.130229514534291
8,222013.729049375,4.09818896426789e-05,0.000334165828722234,0.130224527223235
8,217016.623333265,0.00107391141066812,0.0050533029260669,0.13028525143615
8,210529.694543548,0.000980553302663777,0.00470294759725956,0.130497875353834
8,212272.374107211,0.000918104488300616,0.00472174039884514,0.130337220245111
8,212607.571597295,0.0010254744535264,0.00484489351643561,0.130593333316593
8,213261.713418495,4.92691732722258e-05,0.000425704442722474,0.130572719520558
8,212886.751934733,0.00109642383719911,0.00482215776528372,0.130730635591414
8,211725.952524816,0.00127493292816072,0.00562994467259122,0.130958213571361
8,209627.769982481,0.00150276635870578,0.00691592286383865,0.131215061710697
8,210383.206436045,0.00177691905651394,0.00810400533521549,0.13153210730871
8,210873.199001068,2.99602585435859e-05,0.000443663090451471,0.131530148895508
8,212361.842228765,0.00188508878217655,0.00877883120313145,0.131903946885852
8,215082.330445129,0.00196679737131442,0.0091724906070856,0.132435833038138
8,215902.387889945,0.00182969711151367,0.00852235332531451,0.132866108964903
8,217212.094616889,0.00142843965663009,0.00687709430997655,0.133341477863173
8,218014.318060962,2.92316325270462e-05,0.000227719132378738,0.133332778841602
8,218007.138855924,0.00119160043092538,0.00542042003294137,0.133682806673256
8,216526.634064332,0.00116274807809599,0.00496399106956121,0.13399228458345
8,216230.850152318,0.00112339087408694,0.00467638030585886,0.134127428798899
8,217914.305756303,0.000948064221064458,0.00417041549410263,0.134282076180777
8,219044.256683576,4.67918634091424e-05,0.00039153103694459,0.134299269724655
8,212865.522794095,0.000787515664750582,0.00378098420698579,0.134654432444537
8,216862.63054121,0.000805156259233057,0.00419391920270666,0.134790634604645
8,216464.461828672,0.000895486396709333,0.00461959937938991,0.134997157838993
8,217317.501471073,0.000755633019990603,0.00372901603907706,0.135092941274159
8,218335.699240417,4.66625937180669e-05,0.000474142109647351,0.135099099054372
8,213211.972632771,0.000923056542268796,0.00429876475420114,0.135144106654337
9,414802.494300539,0.00899101250227072,0.0236432996782356,0.160656447358033
9,425052.556980213,0.000332727224298157,0.00322274715301076,0.160682560946899
9,431273.227551637,0.000515458163380594,0.00328963752043738,0.160643019623259
9,431427.824353027,3.15988685429925e-05,0.000293726519430338,0.160644791587573
9,441422.244063703,0.00035051672421139,0.00244185980606836,0.160613155928389
9,453835.436642989,0.000238538013981055,0.00222757133439107,0.160679139302816
9,466543.037814855,0.000682007443934411,0.00334521156127214,0.160809630872641
9,471446.021958854,0.000499422425130503,0.00305899283925375,0.160859333229673
9,475463.494385831,4.78747160797052e-05,0.000360935004928449,0.160879785080969
9,478606.351525769,0.000165462220125836,0.00173440949351656,0.160927809425012
9,475152.298056562,0.000658293005159721,0.00379803931561209,0.160888453955743
9,469467.725692718,0.00104335676817702,0.00571438960747723,0.160811933654305
9,472002.12952478,0.00107740648568997,0.00526327713834809,0.160752051445072
9,472197.241399181,4.99823429808441e-05,0.00034380479196288,0.160748210741478
9,476267.975752575,0.00108894947432123,0.00507236084109654,0.160856539144076
9,479278.939949462,0.000737306427713785,0.00397305380683056,0.160873804134212
9,473766.151160122,0.000528599010190708,0.00319230148297144,0.160803438870716
9,474037.091519611,0.000158535919702378,0.002027685730697,0.160810588050964
9,474545.76361063,1.35678317189694e-05,0.000169478298256822,0.160818277230966
9,467588.529672671,0.000164772197146216,0.00224866758304742,0.160806012612895
9,463737.269656341,0.000252264530041565,0.00311090042817369,0.160706828399193
9,459547.382699743,0.000992112380883142,0.00511742744341813,0.160420391419389
9,448576.439826864,0.000380807265599956,0.00294472315912021,0.160426920703354
9,450699.087541834,5.32828091016319e-05,0.000451459854306656,0.16042951832865
9,454306.847053936,0.000366610777161208,0.00278920272185317,0.160441851670331
9,460155.437800349,0.000286441132022452,0.00265226109605763,0.16046358453492
9,463049.273254665,0.000270450454661452,0.0026255898301369,0.160488101141605
9,458475.336780762,0.000365356141400752,0.00283299491061133,0.160500079197686
9,458190.761778757,8.57476812497519e-05,0.000485983473624326,0.160516805017074
9,467415.839182838,0.000721698243818999,0.00378143707922229,0.160626279232156
9,471557.67255961,0.00044347657004585,0.0031406743477656,0.160629900961319
9,474481.475000498,0.000246496381114956,0.00243603575466039,0.160619705153767
9,478906.243075499,0.000581484300266394,0.00361793808891479,0.160662291006021
9,478505.18841041,2.88107102913041e-05,0.000269047103563507,0.160650680606526
9,475720.081891712,0.0009046843203333,0.00484109852367894,0.160641986046651
9,480884.254409115,0.00114060769443208,0.00493575757052436,0.160615314174347
9,478957.952646904,0.000812776678850823,0.00390445177019307,0.160532731355884
9,483819.967572025,0.000415768380251982,0.00303270085276722,0.160566378493189
9,481407.157051273,3.6691405574071e-05,0.000294504057293609,0.160540939620624
9,485770.77656211,0.000582194979301646,0.00315049632996342,0.160610961741268
9,479924.903234696,0.000381026444578937,0.00303964508312827,0.160601271861961
9,482079.910560119,0.000398496604841551,0.00344151378865859,0.160643556533908
10,409092.511430084,0.00303088915152881,0.0124886766371249,0.145699535433398
10,406502.846036552,8.22569420543785e-06,0.00017591716136383,0.145709473202091
10,434010.099125638,0.000323091046877743,0.00199444172385293,0.144689675685821
10,452820.986047396,0.000356194662884549,0.00240343404214179,0.143928182555585
10,468663.124945799,0.000355036234599049,0.00230441829367051,0.143110030831677
10,483958.811086468,0.000270580223985658,0.00173590674390163,0.142297520355102
10,483626.482575239,1.55508264316244e-05,0.000277907906919081,0.142279623016325
10,498900.535010486,0.00015930039066477,0.000978957447953638,0.141903687306997
10,516118.984462147,0.000232782345310625,0.00137427444759176,0.142447819955735
10,516205.528686527,1.62855733926631e-06,7.1183567454445e-05,0.14244856020336
10,513773.861855418,0.000378754874702528,0.00211999129879145,0.143302444908633
10,558665.583208033,0.000408117048532326,0.00225552595677446,0.144689609002611
10,558501.152632077,1.25745992127801e-06,0.000102462033974947,0.14468919479024
10,558042.818397588,1.31919663373847e-05,0.000216018220768001,0.14470888706292
10,606598.838498257,0.000373003772157076,0.00214125418852153,0.145831076038743
10,649094.593757685,0.000320800447456547,0.00195418163977955,0.146479642549844
10,687267.436096156,0.000271834596435276,0.00193334374068608,0.146346528029648
10,727315.445842104,0.000340133565816994,0.00243590655809502,0.146211289714444
10,728125.876630902,1.23479523080576e-05,0.000208476236634566,0.146178974262525
10,776482.453842187,0.000311758097689228,0.00223492848249464,0.146022003990488
10,824391.348397969,0.00031759865576493,0.00207799756600167,0.146112022582345
10,839861.435612791,0.000329261460775717,0.00202026360370078,0.146512974822098
10,845763.519953738,0.000356340886991704,0.00203081788763496,0.147385810803914
10,847612.017471877,1.14980856604061e-05,0.00024311182632509,0.147354818844408
10,863726.494161624,0.000257312850912104,0.00154653406952891,0.147891327111776
10,915462.043258913,0.000224445542391014,0.00136339014242305,0.148185254406522
10,930006.988520064,0.000315273966126573,0.00203845391859799,0.147880567247493
10,923503.147965475,0.000384111416013441,0.00251436085602556,0.147853726859132
10,920414.364860867,1.45168627089714e-05,0.000428482876776409,0.147815662816892
10,926830.16261875,0.000396693149430144,0.00250986724907742,0.147796260120947
10,939925.459989202,0.000348460511577202,0.00214477781048347,0.147904423870205
10,940795.788677242,0.00025480035213461,0.00170598128373662,0.147504553556969
10,940213.17761801,1.68195925019445e-05,0.000362911337957105,0.147440024136458
10,936938.591209958,0.000235144347490735,0.00139941235485238,0.146837388241044
10,930164.984003888,0.00033540334211098,0.00179574906721497,0.14592188136425
10,910609.389709015,0.000303674116724218,0.00166235293779069,0.145155007645729
10,896387.160842297,0.000271680722319657,0.00153469959412879,0.144629285945438
10,896910.038363969,1.06745534974837e-05,0.000232024244591114,0.144609184067357
10,894129.788514937,0.000217013807769421,0.00126097929131038,0.144501283307668
10,873137.704935468,0.000146117504410863,0.000922289839872349,0.14421089745653
10,860220.890731831,0.00013738599990053,0.000957064712833187,0.144101181198838
10,844249.883655857,0.000193571861915225,0.00149566767083388,0.144088042966695
10,844833.383930567,1.20399885220857e-05,0.00031953913712895,0.144097778936832
10,850031.466046082,8.81871953973233e-05,0.000757488168675573,0.14422114648888
10,829984.800669195,0.000145595772180604,0.00140755856476591,0.14420557653347
10,838617.603418653,0.000226429278891992,0.00175301242021723,0.144360076760035
10,853102.923293022,0.000294651798915727,0.00199753278123311,0.144674927374888
10,852395.937845782,8.52723792747981e-06,0.00021059626193279,0.14462907415751
10,876370.431761841,0.000331264566310836,0.00198087465261361,0.145368454977228
10,905944.694320368,0.000292414066593509,0.00172923711935043,0.146077259423339
10,903518.468550061,0.000181514884586478,0.00120098840289567,0.146464541656495
10,895989.884934739,0.00026219999322193,0.00163656762558239,0.146384939068873
10,895277.254783232,1.0493574742895e-05,0.000239424031016136,0.146344281692554
10,879713.790659672,0.000315565863830227,0.00182029721801326,0.145959111350841
10,865361.090040555,0.000262410263363055,0.0014887423712524,0.145392486826023
10,864637.863031689,0.000224930078064856,0.00167452979595647,0.144879562763194
11,11490228.0276832,0.00759270047257239,0.0164779893172448,0.119061577412225
11,11529590.5131679,1.31810170632809e-05,0.000144373677224293,0.119062634655064
11,11651135.0620839,0.00415546556364177,0.0158027481438612,0.118925756070541
11,11773394.4245031,0.00345718632339838,0.0147931499459499,0.118818620073163
11,11886181.2396566,0.00222129724700181,0.0124204487534072,0.118842805973016
11,11958317.3577929,0.00243589587151957,0.0126584049872624,0.118822392007708
11,11940649.8409597,2.64364113743773e-05,0.000366351774915668,0.118792728637004
11,11967365.3625014,0.00257582200388851,0.0126514384016437,0.118795308704287
11,12026647.8247054,0.00333288880908706,0.0136526417832771,0.118703048044242
11,12017962.0985727,0.0038590967767397,0.0147380550146618,0.118636992023594
11,12041295.2529474,0.00407880790339679,0.014797557405782,0.118450574500233
11,12032858.1812802,2.37296169272462e-05,0.000303936516488622,0.118431780991623
11,11937265.4317166,0.00399789327681842,0.0140410044494041,0.118390194632143
11,11936201.4487719,0.00373499591898224,0.0128478280667088,0.118272910969844
11,11791592.8827289,0.00349028009407866,0.0119227396502185,0.118092708232104
11,11588278.8415808,0.0029040108665128,0.0103202578098203,0.117613582941435
11,11582974.4653975,2.0136102532828e-05,0.000380684563812347,0.117604267439127
11,11573560.4055001,0.0023764798673605,0.00946779272592126,0.117753181408986
11,11500362.3745613,0.00239482009088535,0.0102690688106726,0.117858080889185
11,11315370.6708853,0.00258234913179389,0.0102020235987264,0.118029317056248
11,11174369.7584075,0.00254999069659508,0.00992379409737907,0.118230520617963
11,11152197.2035493,2.31750685044938e-05,0.000251473985187572,0.118195499444812
11,10865216.7283645,0.00246189270084526,0.00953412398672224,0.118436039973003
11,10679403.7123216,0.00222271981240968,0.00895505459479653,0.118560837735464
11,10509057.5902601,0.0018905810955907,0.00815654462083195,0.118688801336572
11,10439732.9820604,0.00174936607806762,0.00761209534964231,0.118793315691939
11,10408773.246241,3.27523638349153e-05,0.000710548726140576,0.118752462972926
11,10343980.5100322,0.00175690272842281,0.00761329351288423,0.11884757682132
11,10257104.7385005,0.00186405832986949,0.0078552359595434,0.118937398767174
11,10217827.6457999,0.00168726167837465,0.007523228464943,0.119103958334504
11,10136145.7535528,0.00125649570110849,0.00629645668231374,0.119012293944255
11,10140529.9358803,2.008455524179e-05,0.00020255912744136,0.119010453316889
11,10205269.0424494,0.00107132603110931,0.00541903679919676,0.119016440814101
11,10258325.2777357,0.00106904059102438,0.00528807767640732,0.118776332927675
11,10343091.2262729,0.00129230718836568,0.00606158732675746,0.11854344001464
11,10597632.5747962,0.00132857882211003,0.00619131120898694,0.118290038313178
11,10557927.1718677,9.50202414960541e-05,0.000595466580196361,0.118240089098186
11,10660082.7761812,0.00122368697032825,0.00613029268809951,0.118164883633645
11,10830139.2231165,0.00146425292595297,0.00731378175994117,0.118020978066461
11,10941434.8389836,0.00131995209745016,0.00658447939930616,0.118072638975497
11,11057139.1120811,0.00109174259271641,0.00590229568154857,0.118116555450599
11,11056989.0487544,2.00346017439235e-05,0.000351369662246951,0.118094181037394
11,11103949.3082248,0.00119822398147847,0.0068330789604849,0.11819819728582
11,11114165.0532227,0.00137919629281586,0.00791571540632175,0.118259795455245
11,10979890.8900551,0.0015423882333254,0.0085093081761725,0.118283748348332
11,10984734.771052,0.00173225196386726,0.00904211038747055,0.11817442987313
11,10984021.4109285,2.00817753224494e-05,0.000422448241881512,0.118181121388613
11,10931410.580261,0.00171997589786072,0.00930656786061205,0.118281982454981
11,10914224.2887188,0.00157306573891372,0.00768158326609794,0.118235483422866
11,10855611.9273071,0.00169620044399052,0.00835168486402478,0.118242448538468
11,11082699.2264931,0.00186592098448062,0.00905924073585723,0.118180471086613
11,11053134.6087792,2.01287975095423e-05,0.000295966162613357,0.118156734007401
11,11137239.8391178,0.00171954446518513,0.00836195675801036,0.118105675243823
11,11253392.5801693,0.00158027092360097,0.00820750486100831,0.117965180266316
11,11293737.6312279,0.00172419594238742,0.00861042057325663,0.117997902952894
11,11397977.2642258,0.00177443390514134,0.00906351961113661,0.117900005523254
11,11388424.9322377,1.98787492230178e-05,0.000268628829990988,0.117868941994765
11,11316717.1462962,0.00143269035314493,0.00708981134074107,0.117957925215112
11,11286620.0468057,0.000885042737694626,0.00424127993125754,0.117892516849483
11,11099103.7155688,0.00127703740386843,0.00562084318273604,0.117883887815452
11,11127978.456862,0.00158785156529584,0.00656835128983893,0.117544833530004
11,11147901.4259258,2.69516733945741e-05,0.000709196462516787,0.117540215750112
11,11072344.6045488,0.00143790109306473,0.00614816876362911,0.117324371218011
11,11334012.8699537,0.00135612902960813,0.00578774514657876,0.117068630431074
11,11683595.1029416,0.00194202935187229,0.00774386656796086,0.117155145067108
11,12143007.9830011,0.00235831097453471,0.00907131686400439,0.117228820810511
11,12143671.5828787,2.44668112798082e-05,0.000281984058467275,0.117220294979433
11,12271170.3281749,0.00237372925694215,0.00910988965335674,0.11741553724851
11,12489117.0465646,0.00206488704158616,0.00849921952087687,0.11759941187395
11,12823371.7404833,0.00125992646155132,0.00540070148358412,0.117855090464879
11,13317718.592978,0.00166273848583457,0.00651541974238002,0.118141380062693
11,13309160.2402648,3.75513515176894e-05,0.000801399432653617,0.118130006812256
11,13962476.0237144,0.0024423926123686,0.0103353252194974,0.118112785860264
11,14812479.6387208,0.00241492164872174,0.0103944914512766,0.118143580209412
11,14480860.9470916,0.00239798870381053,0.0104481696668941,0.118184217418866
12,1054725.09276329,0.010094934663005,0.0194575477805934,0.0853525687386213
12,1056000.36184138,1.44849367246812e-05,0.000142291774414106,0.0853628534526803
12,1034873.65746046,0.00127478071049172,0.00553951380904942,0.0854799853791743
12,1034952.10412142,0.00111028070611533,0.00492385524838186,0.0856274321119215
12,1044007.62173354,0.00114737591552004,0.00513902587790053,0.0860071314349289
12,1071179.47944141,0.00133586786390426,0.00607328359877609,0.0862162843205656
12,1068226.55854523,6.12334319946197e-05,0.000417409026007254,0.0862097776880513
12,1069146.52743949,0.00154173442181903,0.00635942102339934,0.0864152595515612
12,1071500.99458246,0.00142639119952684,0.00585138306752668,0.0864525405551879
12,1090917.17134656,0.00132519613188862,0.00531084630946257,0.0866180734222514
12,1123011.19514085,0.000517158407232526,0.00270429743622046,0.0867201091319445
12,1115101.25550396,5.32599550575489e-05,0.000348759818007172,0.0866709699025878
12,1117516.06939348,0.00061692734208867,0.00277732892191795,0.0867422679072711
12,1106898.63567751,0.00134707244098283,0.00507739623989367,0.0868787314867946
12,1107530.89853848,0.00102815226226275,0.00401936430375622,0.0869067220846268
12,1117016.14743833,0.000305265096136787,0.00248720586373856,0.0868786404007189
12,1117091.32533666,4.88028661071946e-05,0.000343076164593534,0.0868790560777271
12,1101642.95731471,0.00108620225708517,0.00498907810690779,0.0869937440825999
12,1094073.66070616,0.00115694609629887,0.00530268372835645,0.087071147278286
12,1099189.4487074,0.000826210564042929,0.00512570101018772,0.0870112910197577
12,1097133.43831863,0.00149922797210418,0.00621565514143566,0.0868776564018586
12,1092080.80751745,3.68916134194413e-05,0.00029177743503189,0.0868600615761438
12,1103843.34838319,0.0014991716233187,0.00607161362744129,0.0872081807466832
12,1086082.1316304,0.000863720693804039,0.00443509453970217,0.0871998658814271
12,1080514.20899082,0.00058742985063114,0.00454273398152577,0.0871835574952868
12,1097595.27039835,0.0011142620770234,0.00511473814599505,0.0872147236817025
12,1095388.22790281,4.56996701921056e-05,0.000422734741249337,0.0871949628590332
12,1100248.22638946,0.00156672595859536,0.00652885458664301,0.0874527641441269
12,1083858.59890712,0.00160870593429402,0.0065485140729827,0.0870331037494159
12,1080370.93109524,0.00086045131701797,0.00441404525768574,0.0868439220903112
12,1086305.38695494,0.000577715020065994,0.00358300612786046,0.0866906148218021
12,1089657.47321636,4.49647851900256e-05,0.000322877934079319,0.0866870721072455
12,1089817.50308732,0.000853946748901923,0.00463633289494013,0.0869409287433134
12,1089981.93865273,0.00159272698984343,0.0067787255117996,0.0870044247371709
12,1089857.57262219,0.00159580718827361,0.00614278068467346,0.0870273160156152
12,1095899.38789445,0.000418277901688953,0.00374099885401077,0.086931285738985
12,1098510.85845093,0.000143805522843695,0.000584131864847346,0.0869158643374941
12,1101622.40961122,0.00093772214418074,0.00516181225121433,0.0869128508177137
12,1090914.96649555,0.000730102812505414,0.00371700332115246,0.0865445699553127
12,1088313.62683387,0.000418923538643972,0.00298689229969696,0.0865202190353264
12,1101491.28623141,0.000722095190695688,0.0038950502766688,0.0867471871870845
12,1103684.86296146,7.16086356707097e-05,0.000426219383485813,0.0867403398249817
12,1117545.84473628,0.000613694141677472,0.0045449371835508,0.0869610074447804
12,1104921.40733825,0.000990705032619043,0.00550183550798795,0.0867653303550783
12,1099087.81371754,0.00165765181064165,0.00669870816922196,0.086811340168326
12,1100335.82299241,0.00149738644428928,0.00601088120741663,0.0867461785833167
12,1099893.85243901,2.36179681192564e-05,0.000237649849857119,0.086743262654192
12,1123392.28014891,0.000802842740927158,0.00388965871865375,0.0868527843594379
12,1103384.60350942,0.000251377621329643,0.00155638652247966,0.0867510298751264
12,1110370.9790059,0.000285209452021763,0.00210541383099296,0.0867767948526249
12,1130924.95737931,0.000663582447265548,0.00372112262955384,0.0867910960332894
12,1127990.82524418,6.02445287706686e-05,0.000484170882219607,0.0867392749985678
12,1122084.37330563,0.00144511898500768,0.00597277218365021,0.0868456504619191
12,1123560.6769806,0.00140225901357858,0.00577128270968948,0.0868800950560669
12,1126712.1498205,0.000621901774771494,0.00414631452263244,0.0867907282006874
12,1123530.86132581,0.00117901216729758,0.00537796573787831,0.0864348194024956
12,1126008.27160329,6.17455980505884e-05,0.000551921754965201,0.0864369419781249
12,1125835.20729829,0.00115723773762321,0.00501539087535464,0.0864596533552933
12,1132799.25943987,0.000521599873299717,0.00415645049558526,0.0866153253082433
12,1117803.67022527,0.00113223757454839,0.00549730887035619,0.0866036459186023
12,1107364.02628452,0.00126463982312418,0.00466854964171136,0.0864119544282086
12,1106587.47983082,3.25268391282239e-05,0.000420913133481776,0.0864179766177791
12,1083029.01787485,0.000756715274276401,0.00479385493206524,0.0864167561682249
13,84379.8497454226,0.010451718722632,0.0326947961006454,0.152517068688649
13,84507.7380049593,0.00240999170127385,0.0136377421933821,0.152220392769161
13,87018.1934344691,0.00240762838197675,0.0125724371445344,0.15158103380341
13,87046.7289357782,2.68822579971041e-05,0.000328884221110461,0.151583317184268
13,86634.0642090228,0.00449483784060366,0.0222614667854493,0.151119139719073
13,88226.3320599437,0.00173092590673393,0.0101028492164607,0.151032626422965
13,86653.8276439975,0.0019495864279395,0.0124267030182384,0.150624370927668
13,86210.6199437197,0.00306410742126292,0.0154127826813938,0.150819936547224
13,86070.7737142041,3.86908472537928e-05,0.000353578666720376,0.150819134375436
13,86308.2883691987,0.00405333281300966,0.0207316708006201,0.150337324152729
13,88195.1554357326,0.00397571100511319,0.0194518352791337,0.14972821385016
13,89524.4567001294,0.00357453873751089,0.0179232236286252,0.149342812487536
13,86219.9044762387,0.00207662820091131,0.0109865763899336,0.148743224119501
13,86179.9776813566,1.30898427013591e-05,0.000326350921506005,0.148738400351189
13,88313.4495165757,0.00286466596754372,0.0151621955806058,0.148170099401101
13,88207.6827708777,0.00408804486883723,0.0193755511803621,0.148381106623906
13,90094.8793086996,0.00478358632481994,0.0225480146467844,0.14945525439499
13,91333.8693884834,0.00214412184056675,0.0114179352952589,0.150059934417235
13,91413.2474501113,1.70274770119401e-05,0.000241106581516215,0.15005843900064
13,92218.8156240691,0.00333606231961519,0.0174085239941198,0.150475315775044
13,92344.7605911476,0.0039400540298507,0.020004346582443,0.149937434105165
13,91732.3191237186,0.00362944935306773,0.0176117788148408,0.150086332969802
13,92509.9654098584,0.00342783903730163,0.0178622778475594,0.149666668664142
13,92780.3152745569,2.3994656261087e-05,0.00032254056270982,0.149665244761118
13,91221.6448288768,0.00316982200383774,0.0160855842613413,0.149987245430216
13,90485.9345094808,0.00474096009561854,0.0225770262262898,0.149832852513591
13,91568.1615292927,0.00291636937433193,0.0158069835654851,0.149437461960822
13,90756.3658270121,0.00518062367154929,0.0236953664105368,0.148877900265272
13,90876.2309634247,1.53285932846133e-05,0.000232435719456738,0.148873164240808
13,92770.6166912757,0.00303486296677021,0.017295676812091,0.148628336054957
13,92472.9340086142,0.00405932775126727,0.0204320594724162,0.148367723745494
13,93623.7271511733,0.00365478387442751,0.0176114843237882,0.147988359248416
13,94430.319168211,0.00287554525934276,0.0147485437879876,0.148299147625237
13,94648.9265485067,1.9291559674653e-05,0.000228654910713381,0.148299113576994
13,97893.6082189275,0.00381310683090505,0.0195497104345035,0.148570584846468
13,96581.2399640459,0.00379018588122998,0.0185333699338305,0.1486229780463
13,97255.0838874192,0.00505804600793569,0.023417073853552,0.148844319035917
13,98575.6149360163,0.00242284288400975,0.0137610682312321,0.149359090586079
13,98519.4059284303,2.40215183054006e-05,0.000277064099748878,0.149361134536623
13,99997.2462043327,0.00277701188931247,0.0160724378974747,0.149804203612796
13,102095.275096122,0.00365313045163099,0.0182456606184985,0.149819301481464
13,101696.844318432,0.00418087128321683,0.0197115922834451,0.150384238540969
13,101123.155109259,0.00490565622043406,0.0231834335157668,0.150197993266313
13,101253.592156302,1.78414489413095e-05,0.000208874341732975,0.150197882923529
13,100173.985326941,0.00504674931518609,0.0230733492197963,0.149539856689191
13,99030.705438934,0.00444691742120078,0.0213127574007886,0.148822838686693
13,98349.1360801967,0.00363025566127421,0.0192453934213986,0.148496353014046
13,98542.1970890161,0.00232580158175268,0.0131671354108691,0.147721817476165
13,96291.7783048568,0.000119335993636499,0.0005894746799438,0.147695696362284
13,99226.6216969181,0.00302010294469558,0.0156739574200691,0.147652587185928
13,95344.9999898788,0.00378503902985834,0.0193243154886896,0.147142111433542
13,96408.5483758024,0.0035451006748924,0.0172091219262885,0.146805617727622
13,97514.8726961614,0.00496515558573576,0.0228012340432861,0.146221278729722
13,97593.4242289501,2.02549593000147e-05,0.000256469738368397,0.146210828642543
13,99611.5825227172,0.00397730438507966,0.0200233488429267,0.145890593820156
13,98620.3811438311,0.00276680694837189,0.0145466072423906,0.145315903570902
13,99065.3654765333,0.00464000550307759,0.0216133232369903,0.145369079650441
13,98588.3813356432,5.06200075540385e-05,0.00057732159888911,0.145371606008333
14,1223297.97832274,0.00967094148983992,0.0250801610339753,0.0447586928360599
14,1259568.1754055,0.00234769222328414,0.0142863088391943,0.0456800222414023
14,1608873.85295929,0.00359112271457671,0.0188992972930723,0.0517267770441076
14,1618604.55121011,3.12353953183839e-05,0.000280160749244738,0.0517836825385665
14,1746359.47868806,0.00297818773572461,0.0171884741771224,0.0541960301606941
14,1920204.10274833,0.00315255464282548,0.0181339072079037,0.0563948727518104
14,2070407.50252637,0.00297976537925424,0.0178258200394624,0.0579865743622313
14,2149762.55664679,0.00316321578099699,0.0179087549572782,0.0582804261759486
14,2133824.02367558,2.89212585320047e-05,0.000240797988125975,0.0582501774223188
14,2063704.0836506,0.00284313999291863,0.0158218003141002,0.0569031773138517
14,1863342.2984928,0.00306464486843792,0.016244019041648,0.0546350737109093
14,1465832.25133708,0.00280637666375762,0.0138568546600577,0.0515527950428633
14,1143515.66745164,0.00262158776128417,0.0134201150284293,0.0475093448139949
14,1142923.59965129,2.83980331030669e-05,0.000200264753511238,0.0475105836343579
14,904774.328743552,0.00244225542605715,0.0140771006660822,0.0445434242190115
14,861200.528236564,0.00219143716152673,0.0131690163077459,0.0429488064283286
14,899556.794692395,0.00208434259524681,0.0132538815923533,0.0429357689667401
14,998807.336206744,0.00205211410422348,0.0129563252133254,0.0445066142004313
14,996248.675705126,3.47530796033663e-05,0.000254013564289994,0.0444695873912076
14,1139633.59054053,0.00278166973961545,0.0159154370904726,0.0475076002355716
14,1358395.75367614,0.00328420886368412,0.0171825905364744,0.0517393214564185
14,1575429.69646991,0.00332644029912051,0.0172743711926587,0.0553332207904978
14,1631416.22058536,0.00312917010196732,0.01667027376699,0.0571196661878541
14,1626885.87481774,7.559349595204e-05,0.000394031182140269,0.0571395716042681
14,1647159.12877126,0.00307856544069153,0.0169149193230127,0.0579463296602431
14,1616298.3739314,0.00311861957809637,0.0158079987806689,0.0574609779841829
14,1502193.04485866,0.00293495197184597,0.0138881183820803,0.0559247482792141
15,130522.478397765,0.0121806488451817,0.0291567794733945,0.097467877418031
15,131304.727619506,4.9452176573775e-06,7.98697848269009e-05,0.0974769549362614
15,130405.16988041,0.0024268384819932,0.0109313046444104,0.0977284156433675
15,131702.576573283,0.00247705195752519,0.0110838584648026,0.0980072810243833
15,133243.050111988,0.00225811808195498,0.0100394119667524,0.0982778477041183
15,133084.790025231,1.90480041208077e-05,0.00039287519719968,0.0982678571884116
15,132254.113265328,0.00208540133689637,0.00951391326703427,0.0984067127623098
15,133034.501013997,0.0021126355630961,0.00968701404929618,0.0985431940098597
15,134626.812033566,0.00225248289564064,0.010123003940196,0.0985957466085621
15,134576.211662091,0.00237968741677239,0.0105528323301217,0.0986816189077943
15,134584.228170557,1.10333973408822e-05,0.000190425195513271,0.0986701067008307
15,134303.473254593,0.00241323707358376,0.0105626434261621,0.0987465888812449
15,135361.388965268,0.00242949936935758,0.0106665823760211,0.0988086121668494
15,133868.399475979,0.00239318659026506,0.0105848480364688,0.0987746593523045
15,137679.311454085,0.00233998178386768,0.0103420549544178,0.0987592198555499
15,137850.476825003,1.76235443650459e-05,0.000297132495631904,0.0987526484637886
15,140097.254834713,0.00238500737104129,0.0105391932273063,0.0987597965403491
15,140574.801751343,0.00248624460748852,0.0107014631165897,0.0988341232371446
15,141637.210857046,0.00244539652294324,0.0104413482562924,0.0988416033051196
15,145011.271861972,0.00254232285828071,0.010664744160404,0.098928562368358
15,144988.733903686,1.42247366404319e-05,0.000195754274662977,0.0989276108288146
15,148843.934728568,0.00259274594130403,0.0110405367790231,0.0988469969339451
15,153550.349645593,0.00265817098178689,0.0109886664513118,0.0987839638753372
15,154161.696612378,0.0027339747181475,0.0110613616693223,0.0987753148958281
15,155950.557841763,0.00265984661703691,0.010711993016642,0.0988351045401192
15,155926.618812198,5.82129300054737e-06,0.000120732212421853,0.0988292054065454
15,153992.938572329,0.0026552746498143,0.0106595925651192,0.0989433773289896
15,154652.419567323,0.00278276619370904,0.0108255499941681,0.0989973337845219
15,155880.824817911,0.00278059224445292,0.0108073411385256,0.0990213862757473
15,160507.895657773,0.00272059633458069,0.0107810834288795,0.099000356813248
15,160355.082237346,1.45200268855035e-05,0.000266931231928511,0.0989898471090899
15,161281.467377028,0.00256764914268657,0.0106253870211766,0.0990037199101807
15,161622.545314757,0.00252161673754641,0.0106506789985493,0.0990352805981976
15,165377.219902284,0.00248704770392762,0.0105734739031052,0.0990072911737776
15,170258.97051857,0.00258950123363061,0.0108202681237301,0.0990206129538067
15,170071.68284087,1.06690326675744e-05,0.000171689096725648,0.0990077810715474
15,171266.006298978,0.0025617502679843,0.0107470027979369,0.0989650807797919
15,173848.652506085,0.00243477410154577,0.0104758276519875,0.0990539998351891
15,173405.129157816,0.00221312815291986,0.00988754039402047,0.098964112996223
15,173637.78574228,0.00214024135626361,0.00970632453617895,0.0989934911422958
15,173317.145119009,1.10694855676647e-05,0.000172237508664529,0.0989781128162238
16,182296.855456472,0.00557641074044576,0.0142285426401912,0.101458399557664
16,172315.232307493,0.00193659748914366,0.00569628251855676,0.119151800516297
16,171713.448887494,0.00115383399920968,0.00470063569875046,0.120172305590618
16,178308.084962336,0.00120425576682365,0.00502107620188935,0.120623697681311
16,178552.283828646,8.34983849680396e-06,0.000229435492177374,0.120617937064039
16,185794.153154008,0.00120857441070247,0.00498821665396592,0.120677178557608
16,182959.781445023,0.00135972853016812,0.00531682496546133,0.120797140558908
16,178065.625256407,0.00153968992109096,0.00620465369161072,0.118050183684211
16,200594.952664429,0.00197008736243545,0.00759537264935391,0.112443978188986
16,200959.147809695,5.06154205095393e-06,0.000120350788884749,0.112443336564181
16,239031.91095731,0.00243060521822597,0.010053315421001,0.114653067778585
16,242484.829612232,0.00238548421828366,0.00845098842994674,0.116946977823856
16,211509.277634663,0.00360683166910152,0.00943167341049419,0.102995619470919
16,242179.987134194,0.00344148560742665,0.0110478795091267,0.106181743884955
16,241665.652832502,1.10541612150139e-05,0.000297051315409713,0.106175751099745
16,239236.440872734,0.00330365911773092,0.00962955755414007,0.123005945758696
16,218300.380131426,0.0022726705837792,0.00813730525904006,0.124726239590351
16,217374.997974058,0.00198167931248466,0.00762203116586088,0.123807635694899
16,198153.468088235,0.00186863498372329,0.00736466814551276,0.120862834488137
16,198516.414747924,1.40795090090649e-05,0.000327901257749773,0.120851091370727
17,199498.672016255,0.00313022025498151,0.00922023083921377,0.105974852852382
17,196310.094941611,0.00248800438100639,0.00923851790160554,0.106492782144021
17,195301.910173347,0.00218853758607682,0.00822026325329404,0.108679265324794
17,182976.711247036,0.00245945735326519,0.00799635466202155,0.118830890327912
17,182927.319024466,1.27489158914633e-05,0.000338835013820611,0.118830178070582
17,188615.155384427,0.00187751647279816,0.00732146619771182,0.123302135174267
17,191375.758941485,0.00156824498907505,0.00625541731051678,0.123691148129139
17,215824.997854776,0.0016614322670579,0.00607666863031327,0.133704367705897
17,186704.532440784,0.00163011212595441,0.00588038153510347,0.12388010945393
17,186976.481885078,6.69802998473177e-06,0.00013455021065665,0.123874774857595
17,189508.666198517,0.00143854025625485,0.00684643096715741,0.122065019325641
17,177124.30191939,0.00139623527150149,0.00664698157408726,0.120269824237041
17,174256.786719654,0.00138273787705516,0.00660280771337157,0.119591759535722
17,168676.692824547,0.00144440942822611,0.0066155929624108,0.119095085047422
17,167978.024792979,1.21208137001904e-05,0.000385067749403481,0.119084227878415
17,168425.820168234,0.00134339577729814,0.00648518137388186,0.118663582063887
17,163022.326013116,0.00145242705307996,0.00644007043371804,0.11757288665659
17,169077.226822837,0.00166303113874717,0.00717645137886143,0.11622139788384
17,167492.113650752,0.00173068457282836,0.00738792608753637,0.115446972010106
17,167442.969778946,1.31551001140851e-05,0.000236887402587013,0.115427018201588
18,338059.737176966,0.00831746418815237,0.0225968503112739,0.0885382221657046
18,339722.388260051,0.00247784023711993,0.0125839319775594,0.0890493299793327
18,341283.611116668,0.00263852312225958,0.0130119457872268,0.0897355239733323
18,346666.145433935,0.00276225940703838,0.0135089974546938,0.0904293834055158
18,345198.304783226,1.27401981319667e-05,0.000215535994373308,0.0904231757134799
18,342623.254102216,0.00270177918289721,0.0132431556093095,0.0910503088980261
18,347156.574320444,0.00281590172742791,0.0135719267817548,0.0918653092886494
18,349412.185057068,0.00296470611027422,0.0138843935641273,0.0926692829242733
18,353301.722795046,0.00302481692816225,0.0137725874844297,0.0936029674130137
18,354082.662597429,2.23805910700662e-05,0.000331209760679299,0.0935907865459412
18,355239.636820319,0.00305999068726286,0.0137466242029876,0.094724195078707
18,355052.711256472,0.00299271883348626,0.0133446619295798,0.0959046994621656
18,350999.669316191,0.00283355543761517,0.0128779169694368,0.0969293482658575
18,360865.161947685,0.00280402434957803,0.0126969274285432,0.0986143497463892
18,358893.939042068,2.66900363836023e-05,0.000316637586282913,0.0986197901144019
18,365145.155665132,0.00269388250508295,0.012537539657417,0.0996741496790205
18,353019.617455061,0.00257009007137322,0.0119666929205753,0.101396064797911
18,348214.694665047,0.00242044342716987,0.0116137179939481,0.102211051282684
18,347991.871347481,0.00252008604329361,0.0118882658793382,0.103765976052298
18,344871.12135841,2.24737356185368e-05,0.000347736291639003,0.103750351311497
18,343152.395705278,0.00238461681865177,0.0116739518275634,0.104710898040783
18,332799.541294216,0.00225199694433166,0.0112082858809428,0.106165105652282
18,337530.102881048,0.002045177079297,0.0105693279759137,0.107025319928402
18,332025.615000917,0.00207194745177272,0.0108774243007283,0.10851095146366
18,328192.344263022,0.000123855725822922,0.000683700161115582,0.108502700183886
18,328625.890172786,0.00178580285775421,0.00996860288273298,0.10917933911312
18,326410.590383066,0.0016148112460112,0.0088256111651702,0.110670676409634
18,312064.601887389,0.0013362585036346,0.00793695388178145,0.111564992723482
18,309545.618680229,0.00136191944685679,0.00772679654235679,0.113309974945672
18,309136.817799673,2.0043439703075e-05,0.000256408863746903,0.113328092361991
18,313374.762602235,0.00138782611467718,0.00800623820355584,0.114522736980693
18,306253.500750606,0.00168946169182433,0.0088618168850305,0.11622432507204
18,313868.849504776,0.00171971304522824,0.00919234377510555,0.117788336138076
18,312762.231778695,0.00184784212785376,0.00967814447500735,0.120056570469094
18,312777.780522913,1.55771718204808e-05,0.000327646164305944,0.120056427046871
18,307239.659016852,0.00208142394256005,0.0109502033194566,0.121788468744835
18,304343.608540941,0.00232308057862809,0.0118509212118929,0.123985976487235
18,303500.47001752,0.00226878919517159,0.0116630477473607,0.125592839461045
18,300527.262744125,0.00223024702488237,0.0113442185122468,0.127496935101218
18,299227.565234346,3.36465320058306e-05,0.000426986631084876,0.127503968458182
18,302059.813972184,0.00203035618136269,0.0105870065941925,0.129444421186748
19,48498.3115006988,0.00420025755379379,0.0209728132996049,0.235155622249057
19,39310.0033011699,0.000460043460007414,0.0038055638739417,0.243286538374758
19,23590.8564535656,0.000748914090699151,0.00546717389806857,0.256858458384783
19,23454.1497480598,1.54011792822312e-05,0.000434182978769119,0.256860433706814
19,22887.0058766496,0.000481536172788461,0.00421953353766601,0.262998048347866
19,24471.4936437088,0.000318439707023071,0.00316103472026492,0.261640102656215
19,25649.6412945601,0.000421562389477544,0.0038411642933331,0.25860564795779
19,52411.1819528501,0.000566255551271806,0.00470787728054934,0.253809886366389
19,52406.7146939478,9.52883692958252e-06,0.000441080148720272,0.253796593929967
19,1329235.54071348,0.0011606235349026,0.00628581682952899,0.24528237927741
19,3080925.09924068,0.000907145183684035,0.00466209608100664,0.240791093267724
19,2982608.68976897,0.000415218381953162,0.00319433330471224,0.241271691793859
19,2490840.03389917,0.000457755399304431,0.00380763221924328,0.241700182370004
19,2491127.80658886,3.24021472744958e-05,0.00108783703965512,0.241685638734233
19,2216563.94474456,0.00044222648999671,0.00385954284587759,0.242717699222696
19,1848062.65965016,0.000521693782348973,0.00377690097117256,0.244734457447225
19,1485823.32949384,0.000785185775472472,0.00486397230934144,0.248373287473029
19,1390493.73627053,0.000642394353979338,0.00518433090649408,0.250676575149187
19,1391455.23227085,3.96132105043059e-05,0.00127752166157272,0.250674631890128
19,1700663.65118931,0.000780165297262361,0.00541268587768425,0.248907423039535
19,3018824.47416898,0.00110140186136959,0.00574042519182215,0.242971852565245
19,6025761.15323715,0.00132155132613475,0.00611512142172844,0.233588987219052
19,11404734.5088885,0.00139032658785582,0.00604963232893666,0.22599808681952
19,11400130.7607476,5.39073729969465e-05,0.00164683661006924,0.225992773032
19,14856867.9383967,0.000975485625768134,0.00535887246098185,0.222212399762114
19,14968766.2315014,0.000575624327218645,0.00450120718386711,0.220551775237484
19,14894116.2436719,0.000695297958222194,0.00500169377515812,0.218520374029649
19,14548815.4858295,0.000680263164359119,0.00507911178650073,0.215930346698196
19,14763382.6847588,0.000496579912564341,0.00312594114964723,0.215659422900976
19,14666608.0326456,0.000754884694612722,0.00477600582051545,0.212972374253438
19,14328349.3094622,0.000541882727246505,0.00379702455861797,0.211010657255071
19,14400541.0223745,0.000520328613702515,0.00388437409842511,0.210563072364384
19,14363662.2450331,0.000736720853214425,0.00476918340665794,0.21055892978194
19,14326686.524663,2.26346588131993e-05,0.000256472891981796,0.210513379879375
19,14233248.1958421,0.000748992792221981,0.00482327356152358,0.208488720411738
19,14034578.3445274,0.000560097763167166,0.00391303368217182,0.207271771963982
19,14069089.4901708,0.000757636222981564,0.0051639602593312,0.20923205336041
19,14170670.5953462,0.000901903331554128,0.00557612568438186,0.211400986291905
19,14210603.2419177,1.74166738146361e-05,0.000235616600313816,0.211426902416692
19,14207693.8120563,0.000680357020793675,0.00513084838087996,0.212197509259199
19,14240459.8648012,0.000479025146620614,0.00401468651954276,0.212011593793363
19,14222971.5257505,0.000563804866594399,0.00410715341685595,0.211882554226173
19,14146385.4537609,0.000589747581834212,0.00432547160420041,0.211373173793579
19,14203874.2643205,5.06467960176585e-05,0.000580603316528575,0.211307600507161
19,14078192.4531845,0.000585394445413649,0.0041029541030388,0.211591286384496
19,14276713.480469,0.000524673697799018,0.00377093542855313,0.213066349142019
19,14279455.8110905,0.000549634697018298,0.00448852941064526,0.213189299949792
19,14381436.1441173,0.000668129451925512,0.00498250064708113,0.214509611448261
19,14381607.0861996,1.65894913022242e-05,0.000234715552006238,0.214528756939018
19,14415631.6150141,0.000642635438178611,0.00467376875298894,0.215756145672239
19,14389188.5779937,0.000315112050731652,0.00267660025046952,0.215425480544024
19,14242855.0440134,0.00060857782824058,0.00445923113038967,0.213688976169273
19,13947370.4998849,0.000750208787342544,0.00480283256257188,0.210640988418349
19,13929844.1400325,1.45448888827237e-05,0.000281893189454542,0.210623781826017
19,13580022.524532,0.000648557328762746,0.00446769650975021,0.208551640877426
19,13135724.4738278,0.000616837436967342,0.00430854893054641,0.2073396188233
19,12568187.3289725,0.000852992704397361,0.00518062144227631,0.203872856948586
19,11535044.5066058,0.00103073557688948,0.00549063383647054,0.198988435229451
19,11574572.4098085,1.00104781399572e-05,0.000308447969058611,0.198972329060239
19,0,0,0,0
