userID,FA,PU,AE,RW,avgFA,avgPU,avgAE,avgRW,videoID,avgShotLenAd,avgColVarAd,avgMotionMeanAd,avgMotionStdAd,avgLightKeyAd
124,1.6666666666666667,3.6666666666666665,3.0,2.6666666666666665,2.0564971751412426,4.271186440677966,2.8926553672316384,2.5141242937853105,C7,77.3333333333333,898113.962970916,0.0013864757001967,0.0058373078280884,0.129211338857435
127,2.0,5.0,3.333333333333333,2.0,2.097701149425287,3.942528735632184,2.8160919540229883,2.201149425287356,C8,37.3846153846154,17049299.583348,0.0033839449475943,0.0153684865958087,0.143862939211413
128,2.333333333333333,2.6666666666666665,1.3333333333333333,1.6666666666666667,2.5229885057471266,2.925287356321839,2.0172413793103448,2.298850574712644,C1,1992.0,1181962.64222775,0.0008926221820379,0.0083229508989198,0.123905401811319
130,3.0,4.666666666666667,5.0,3.333333333333333,2.0564971751412426,4.271186440677966,2.8926553672316384,2.5141242937853105,C7,77.3333333333333,898113.962970916,0.0013864757001967,0.0058373078280884,0.129211338857435
131,2.6666666666666665,3.6666666666666665,3.333333333333333,3.333333333333333,2.511494252873563,4.304597701149425,3.908045977011494,2.7586206896551726,C6,46.1794871794872,112716.057658996,0.0012730348148673,0.0050972854260488,0.0783592991048638
132,2.6666666666666665,5.0,5.0,3.333333333333333,2.8011695906432745,4.3391812865497075,4.192982456140351,3.327485380116959,C4,44.7450980392157,1828268.65957435,0.0013232700473904,0.0072362106096728,0.08420488519182
134,3.0,4.666666666666667,3.6666666666666665,2.6666666666666665,2.5229885057471266,2.925287356321839,2.0172413793103448,2.298850574712644,C1,1992.0,1181962.64222775,0.0008926221820379,0.0083229508989198,0.123905401811319
135,2.6666666666666665,4.333333333333333,4.0,4.0,2.7966101694915255,4.429378531073446,3.864406779661017,3.3220338983050848,C5,47.2368421052632,2468052.34990774,0.0018601065234021,0.0076155282657078,0.159797141794302
136,1.3333333333333333,3.6666666666666665,2.0,1.0,2.0564971751412426,4.271186440677966,2.8926553672316384,2.5141242937853105,C7,77.3333333333333,898113.962970916,0.0013864757001967,0.0058373078280884,0.129211338857435
137,2.0,3.6666666666666665,3.0,1.6666666666666667,2.511494252873563,4.304597701149425,3.908045977011494,2.7586206896551726,C6,46.1794871794872,112716.057658996,0.0012730348148673,0.0050972854260488,0.0783592991048638
138,3.0,1.0,2.0,2.0,2.8011695906432745,4.3391812865497075,4.192982456140351,3.327485380116959,C4,44.7450980392157,1828268.65957435,0.0013232700473904,0.0072362106096728,0.08420488519182
139,2.0,5.0,2.333333333333333,2.6666666666666665,2.097701149425287,3.942528735632184,2.8160919540229883,2.201149425287356,C8,37.3846153846154,17049299.583348,0.0033839449475943,0.0153684865958087,0.143862939211413
140,2.333333333333333,2.0,1.6666666666666667,2.333333333333333,2.5229885057471266,2.925287356321839,2.0172413793103448,2.298850574712644,C1,1992.0,1181962.64222775,0.0008926221820379,0.0083229508989198,0.123905401811319
141,2.6666666666666665,4.666666666666667,3.6666666666666665,3.0,2.7966101694915255,4.429378531073446,3.864406779661017,3.3220338983050848,C5,47.2368421052632,2468052.34990774,0.0018601065234021,0.0076155282657078,0.159797141794302
142,2.333333333333333,4.0,2.0,2.333333333333333,2.0564971751412426,4.271186440677966,2.8926553672316384,2.5141242937853105,C7,77.3333333333333,898113.962970916,0.0013864757001967,0.0058373078280884,0.129211338857435
143,2.6666666666666665,4.666666666666667,4.0,3.0,2.511494252873563,4.304597701149425,3.908045977011494,2.7586206896551726,C6,46.1794871794872,112716.057658996,0.0012730348148673,0.0050972854260488,0.0783592991048638
145,1.3333333333333333,1.6666666666666667,1.0,1.0,2.097701149425287,3.942528735632184,2.8160919540229883,2.201149425287356,C8,37.3846153846154,17049299.583348,0.0033839449475943,0.0153684865958087,0.143862939211413
146,3.6666666666666665,3.333333333333333,5.0,5.0,2.5229885057471266,2.925287356321839,2.0172413793103448,2.298850574712644,C1,1992.0,1181962.64222775,0.0008926221820379,0.0083229508989198,0.123905401811319
147,1.0,3.333333333333333,1.0,1.0,2.7966101694915255,4.429378531073446,3.864406779661017,3.3220338983050848,C5,47.2368421052632,2468052.34990774,0.0018601065234021,0.0076155282657078,0.159797141794302
149,2.6666666666666665,2.6666666666666665,3.0,2.6666666666666665,2.511494252873563,4.304597701149425,3.908045977011494,2.7586206896551726,C6,46.1794871794872,112716.057658996,0.0012730348148673,0.0050972854260488,0.0783592991048638
150,2.333333333333333,4.666666666666667,4.0,2.333333333333333,2.8011695906432745,4.3391812865497075,4.192982456140351,3.327485380116959,C4,44.7450980392157,1828268.65957435,0.0013232700473904,0.0072362106096728,0.08420488519182
152,1.6666666666666667,4.0,1.0,1.0,2.5229885057471266,2.925287356321839,2.0172413793103448,2.298850574712644,C1,1992.0,1181962.64222775,0.0008926221820379,0.0083229508989198,0.123905401811319
153,2.6666666666666665,2.333333333333333,2.6666666666666665,2.0,2.7966101694915255,4.429378531073446,3.864406779661017,3.3220338983050848,C5,47.2368421052632,2468052.34990774,0.0018601065234021,0.0076155282657078,0.159797141794302
154,3.0,5.0,4.666666666666667,4.0,2.0564971751412426,4.271186440677966,2.8926553672316384,2.5141242937853105,C7,77.3333333333333,898113.962970916,0.0013864757001967,0.0058373078280884,0.129211338857435
155,2.6666666666666665,4.666666666666667,4.0,3.6666666666666665,2.511494252873563,4.304597701149425,3.908045977011494,2.7586206896551726,C6,46.1794871794872,112716.057658996,0.0012730348148673,0.0050972854260488,0.0783592991048638
156,3.0,5.0,4.666666666666667,4.0,2.8011695906432745,4.3391812865497075,4.192982456140351,3.327485380116959,C4,44.7450980392157,1828268.65957435,0.0013232700473904,0.0072362106096728,0.08420488519182
158,3.6666666666666665,4.666666666666667,4.0,3.6666666666666665,2.5229885057471266,2.925287356321839,2.0172413793103448,2.298850574712644,C1,1992.0,1181962.64222775,0.0008926221820379,0.0083229508989198,0.123905401811319
159,2.0,3.333333333333333,3.333333333333333,1.6666666666666667,2.7966101694915255,4.429378531073446,3.864406779661017,3.3220338983050848,C5,47.2368421052632,2468052.34990774,0.0018601065234021,0.0076155282657078,0.159797141794302
163,2.333333333333333,4.0,2.333333333333333,2.0,2.097701149425287,3.942528735632184,2.8160919540229883,2.201149425287356,C8,37.3846153846154,17049299.583348,0.0033839449475943,0.0153684865958087,0.143862939211413
164,3.333333333333333,4.333333333333333,3.0,3.6666666666666665,2.5229885057471266,2.925287356321839,2.0172413793103448,2.298850574712644,C1,1992.0,1181962.64222775,0.0008926221820379,0.0083229508989198,0.123905401811319
166,3.0,4.666666666666667,3.0,3.6666666666666665,2.0564971751412426,4.271186440677966,2.8926553672316384,2.5141242937853105,C7,77.3333333333333,898113.962970916,0.0013864757001967,0.0058373078280884,0.129211338857435
168,1.3333333333333333,1.6666666666666667,2.6666666666666665,1.6666666666666667,2.8011695906432745,4.3391812865497075,4.192982456140351,3.327485380116959,C4,44.7450980392157,1828268.65957435,0.0013232700473904,0.0072362106096728,0.08420488519182
169,3.0,4.666666666666667,4.333333333333333,3.6666666666666665,2.097701149425287,3.942528735632184,2.8160919540229883,2.201149425287356,C8,37.3846153846154,17049299.583348,0.0033839449475943,0.0153684865958087,0.143862939211413
170,1.0,2.333333333333333,1.0,1.0,2.5229885057471266,2.925287356321839,2.0172413793103448,2.298850574712644,C1,1992.0,1181962.64222775,0.0008926221820379,0.0083229508989198,0.123905401811319
171,4.333333333333333,4.666666666666667,4.0,4.333333333333333,2.7966101694915255,4.429378531073446,3.864406779661017,3.3220338983050848,C5,47.2368421052632,2468052.34990774,0.0018601065234021,0.0076155282657078,0.159797141794302
173,2.0,4.666666666666667,4.666666666666667,1.6666666666666667,2.511494252873563,4.304597701149425,3.908045977011494,2.7586206896551726,C6,46.1794871794872,112716.057658996,0.0012730348148673,0.0050972854260488,0.0783592991048638
176,1.0,4.0,1.0,1.0,2.5229885057471266,2.925287356321839,2.0172413793103448,2.298850574712644,C1,1992.0,1181962.64222775,0.0008926221820379,0.0083229508989198,0.123905401811319
177,3.6666666666666665,4.666666666666667,4.666666666666667,4.333333333333333,2.7966101694915255,4.429378531073446,3.864406779661017,3.3220338983050848,C5,47.2368421052632,2468052.34990774,0.0018601065234021,0.0076155282657078,0.159797141794302
178,1.3333333333333333,3.333333333333333,2.333333333333333,1.0,2.0564971751412426,4.271186440677966,2.8926553672316384,2.5141242937853105,C7,77.3333333333333,898113.962970916,0.0013864757001967,0.0058373078280884,0.129211338857435
180,1.3333333333333333,4.666666666666667,4.666666666666667,2.6666666666666665,2.8011695906432745,4.3391812865497075,4.192982456140351,3.327485380116959,C4,44.7450980392157,1828268.65957435,0.0013232700473904,0.0072362106096728,0.08420488519182
181,2.0,4.666666666666667,3.6666666666666665,2.6666666666666665,2.097701149425287,3.942528735632184,2.8160919540229883,2.201149425287356,C8,37.3846153846154,17049299.583348,0.0033839449475943,0.0153684865958087,0.143862939211413
182,2.333333333333333,2.0,1.0,1.0,2.5229885057471266,2.925287356321839,2.0172413793103448,2.298850574712644,C1,1992.0,1181962.64222775,0.0008926221820379,0.0083229508989198,0.123905401811319
186,1.3333333333333333,5.0,3.6666666666666665,2.6666666666666665,2.8011695906432745,4.3391812865497075,4.192982456140351,3.327485380116959,C4,44.7450980392157,1828268.65957435,0.0013232700473904,0.0072362106096728,0.08420488519182
187,1.6666666666666667,3.6666666666666665,4.333333333333333,3.0,2.097701149425287,3.942528735632184,2.8160919540229883,2.201149425287356,C8,37.3846153846154,17049299.583348,0.0033839449475943,0.0153684865958087,0.143862939211413
188,1.3333333333333333,1.3333333333333333,1.0,3.0,2.5229885057471266,2.925287356321839,2.0172413793103448,2.298850574712644,C1,1992.0,1181962.64222775,0.0008926221820379,0.0083229508989198,0.123905401811319
189,1.0,4.333333333333333,2.333333333333333,2.0,2.7966101694915255,4.429378531073446,3.864406779661017,3.3220338983050848,C5,47.2368421052632,2468052.34990774,0.0018601065234021,0.0076155282657078,0.159797141794302
190,2.0,5.0,2.0,2.6666666666666665,2.0564971751412426,4.271186440677966,2.8926553672316384,2.5141242937853105,C7,77.3333333333333,898113.962970916,0.0013864757001967,0.0058373078280884,0.129211338857435
191,2.0,4.333333333333333,4.666666666666667,3.333333333333333,2.511494252873563,4.304597701149425,3.908045977011494,2.7586206896551726,C6,46.1794871794872,112716.057658996,0.0012730348148673,0.0050972854260488,0.0783592991048638
192,3.333333333333333,5.0,5.0,3.0,2.8011695906432745,4.3391812865497075,4.192982456140351,3.327485380116959,C4,44.7450980392157,1828268.65957435,0.0013232700473904,0.0072362106096728,0.08420488519182
195,4.333333333333333,5.0,5.0,5.0,2.7966101694915255,4.429378531073446,3.864406779661017,3.3220338983050848,C5,47.2368421052632,2468052.34990774,0.0018601065234021,0.0076155282657078,0.159797141794302
196,3.0,4.0,3.0,2.333333333333333,2.0564971751412426,4.271186440677966,2.8926553672316384,2.5141242937853105,C7,77.3333333333333,898113.962970916,0.0013864757001967,0.0058373078280884,0.129211338857435
198,2.6666666666666665,3.6666666666666665,4.333333333333333,3.333333333333333,2.8011695906432745,4.3391812865497075,4.192982456140351,3.327485380116959,C4,44.7450980392157,1828268.65957435,0.0013232700473904,0.0072362106096728,0.08420488519182
199,1.0,1.3333333333333333,1.0,1.0,2.097701149425287,3.942528735632184,2.8160919540229883,2.201149425287356,C8,37.3846153846154,17049299.583348,0.0033839449475943,0.0153684865958087,0.143862939211413
202,3.333333333333333,4.666666666666667,3.0,2.6666666666666665,2.0564971751412426,4.271186440677966,2.8926553672316384,2.5141242937853105,C7,77.3333333333333,898113.962970916,0.0013864757001967,0.0058373078280884,0.129211338857435
203,3.6666666666666665,5.0,4.333333333333333,3.333333333333333,2.511494252873563,4.304597701149425,3.908045977011494,2.7586206896551726,C6,46.1794871794872,112716.057658996,0.0012730348148673,0.0050972854260488,0.0783592991048638
204,4.333333333333333,4.666666666666667,5.0,4.0,2.8011695906432745,4.3391812865497075,4.192982456140351,3.327485380116959,C4,44.7450980392157,1828268.65957435,0.0013232700473904,0.0072362106096728,0.08420488519182
206,2.0,3.0,1.6666666666666667,2.0,2.5229885057471266,2.925287356321839,2.0172413793103448,2.298850574712644,C1,1992.0,1181962.64222775,0.0008926221820379,0.0083229508989198,0.123905401811319
207,4.333333333333333,4.666666666666667,5.0,4.333333333333333,2.7966101694915255,4.429378531073446,3.864406779661017,3.3220338983050848,C5,47.2368421052632,2468052.34990774,0.0018601065234021,0.0076155282657078,0.159797141794302
208,2.0,4.333333333333333,3.333333333333333,2.0,2.0564971751412426,4.271186440677966,2.8926553672316384,2.5141242937853105,C7,77.3333333333333,898113.962970916,0.0013864757001967,0.0058373078280884,0.129211338857435
209,3.333333333333333,4.666666666666667,5.0,4.0,2.511494252873563,4.304597701149425,3.908045977011494,2.7586206896551726,C6,46.1794871794872,112716.057658996,0.0012730348148673,0.0050972854260488,0.0783592991048638
210,3.0,4.333333333333333,5.0,3.6666666666666665,2.8011695906432745,4.3391812865497075,4.192982456140351,3.327485380116959,C4,44.7450980392157,1828268.65957435,0.0013232700473904,0.0072362106096728,0.08420488519182
211,1.0,2.0,2.333333333333333,1.0,2.097701149425287,3.942528735632184,2.8160919540229883,2.201149425287356,C8,37.3846153846154,17049299.583348,0.0033839449475943,0.0153684865958087,0.143862939211413
212,3.0,3.0,1.0,1.6666666666666667,2.5229885057471266,2.925287356321839,2.0172413793103448,2.298850574712644,C1,1992.0,1181962.64222775,0.0008926221820379,0.0083229508989198,0.123905401811319
214,2.333333333333333,5.0,2.6666666666666665,4.0,2.0564971751412426,4.271186440677966,2.8926553672316384,2.5141242937853105,C7,77.3333333333333,898113.962970916,0.0013864757001967,0.0058373078280884,0.129211338857435
217,2.0,3.6666666666666665,2.6666666666666665,2.0,2.097701149425287,3.942528735632184,2.8160919540229883,2.201149425287356,C8,37.3846153846154,17049299.583348,0.0033839449475943,0.0153684865958087,0.143862939211413
218,4.333333333333333,4.333333333333333,4.666666666666667,4.0,2.5229885057471266,2.925287356321839,2.0172413793103448,2.298850574712644,C1,1992.0,1181962.64222775,0.0008926221820379,0.0083229508989198,0.123905401811319
219,2.333333333333333,4.333333333333333,3.333333333333333,3.0,2.7966101694915255,4.429378531073446,3.864406779661017,3.3220338983050848,C5,47.2368421052632,2468052.34990774,0.0018601065234021,0.0076155282657078,0.159797141794302
220,2.0,4.333333333333333,4.0,2.6666666666666665,2.0564971751412426,4.271186440677966,2.8926553672316384,2.5141242937853105,C7,77.3333333333333,898113.962970916,0.0013864757001967,0.0058373078280884,0.129211338857435
223,2.0,3.333333333333333,3.6666666666666665,3.0,2.097701149425287,3.942528735632184,2.8160919540229883,2.201149425287356,C8,37.3846153846154,17049299.583348,0.0033839449475943,0.0153684865958087,0.143862939211413
224,3.6666666666666665,4.666666666666667,3.6666666666666665,3.6666666666666665,2.5229885057471266,2.925287356321839,2.0172413793103448,2.298850574712644,C1,1992.0,1181962.64222775,0.0008926221820379,0.0083229508989198,0.123905401811319
227,2.0,4.666666666666667,4.0,3.6666666666666665,2.511494252873563,4.304597701149425,3.908045977011494,2.7586206896551726,C6,46.1794871794872,112716.057658996,0.0012730348148673,0.0050972854260488,0.0783592991048638
229,1.6666666666666667,4.666666666666667,2.0,2.0,2.097701149425287,3.942528735632184,2.8160919540229883,2.201149425287356,C8,37.3846153846154,17049299.583348,0.0033839449475943,0.0153684865958087,0.143862939211413
230,2.0,2.333333333333333,1.6666666666666667,1.3333333333333333,2.5229885057471266,2.925287356321839,2.0172413793103448,2.298850574712644,C1,1992.0,1181962.64222775,0.0008926221820379,0.0083229508989198,0.123905401811319
231,3.333333333333333,5.0,4.333333333333333,3.333333333333333,2.7966101694915255,4.429378531073446,3.864406779661017,3.3220338983050848,C5,47.2368421052632,2468052.34990774,0.0018601065234021,0.0076155282657078,0.159797141794302
232,1.0,3.0,2.0,1.0,2.0564971751412426,4.271186440677966,2.8926553672316384,2.5141242937853105,C7,77.3333333333333,898113.962970916,0.0013864757001967,0.0058373078280884,0.129211338857435
233,1.0,5.0,3.0,1.0,2.511494252873563,4.304597701149425,3.908045977011494,2.7586206896551726,C6,46.1794871794872,112716.057658996,0.0012730348148673,0.0050972854260488,0.0783592991048638
234,3.333333333333333,5.0,4.0,4.0,2.8011695906432745,4.3391812865497075,4.192982456140351,3.327485380116959,C4,44.7450980392157,1828268.65957435,0.0013232700473904,0.0072362106096728,0.08420488519182
235,1.6666666666666667,4.666666666666667,2.333333333333333,1.6666666666666667,2.097701149425287,3.942528735632184,2.8160919540229883,2.201149425287356,C8,37.3846153846154,17049299.583348,0.0033839449475943,0.0153684865958087,0.143862939211413
237,4.0,4.333333333333333,4.0,4.0,2.7966101694915255,4.429378531073446,3.864406779661017,3.3220338983050848,C5,47.2368421052632,2468052.34990774,0.0018601065234021,0.0076155282657078,0.159797141794302
238,1.6666666666666667,3.333333333333333,2.6666666666666665,1.3333333333333333,2.0564971751412426,4.271186440677966,2.8926553672316384,2.5141242937853105,C7,77.3333333333333,898113.962970916,0.0013864757001967,0.0058373078280884,0.129211338857435
239,2.333333333333333,4.0,3.6666666666666665,2.0,2.511494252873563,4.304597701149425,3.908045977011494,2.7586206896551726,C6,46.1794871794872,112716.057658996,0.0012730348148673,0.0050972854260488,0.0783592991048638
240,3.0,4.0,4.666666666666667,3.6666666666666665,2.8011695906432745,4.3391812865497075,4.192982456140351,3.327485380116959,C4,44.7450980392157,1828268.65957435,0.0013232700473904,0.0072362106096728,0.08420488519182
241,1.3333333333333333,3.6666666666666665,3.0,1.0,2.097701149425287,3.942528735632184,2.8160919540229883,2.201149425287356,C8,37.3846153846154,17049299.583348,0.0033839449475943,0.0153684865958087,0.143862939211413
243,3.6666666666666665,5.0,4.666666666666667,3.0,2.7966101694915255,4.429378531073446,3.864406779661017,3.3220338983050848,C5,47.2368421052632,2468052.34990774,0.0018601065234021,0.0076155282657078,0.159797141794302
247,1.0,3.333333333333333,2.6666666666666665,1.0,2.097701149425287,3.942528735632184,2.8160919540229883,2.201149425287356,C8,37.3846153846154,17049299.583348,0.0033839449475943,0.0153684865958087,0.143862939211413
248,2.333333333333333,2.333333333333333,3.0,3.0,2.5229885057471266,2.925287356321839,2.0172413793103448,2.298850574712644,C1,1992.0,1181962.64222775,0.0008926221820379,0.0083229508989198,0.123905401811319
249,1.6666666666666667,3.0,3.333333333333333,2.333333333333333,2.7966101694915255,4.429378531073446,3.864406779661017,3.3220338983050848,C5,47.2368421052632,2468052.34990774,0.0018601065234021,0.0076155282657078,0.159797141794302
250,3.6666666666666665,4.666666666666667,2.6666666666666665,3.6666666666666665,2.0564971751412426,4.271186440677966,2.8926553672316384,2.5141242937853105,C7,77.3333333333333,898113.962970916,0.0013864757001967,0.0058373078280884,0.129211338857435
251,3.6666666666666665,4.666666666666667,4.666666666666667,4.0,2.511494252873563,4.304597701149425,3.908045977011494,2.7586206896551726,C6,46.1794871794872,112716.057658996,0.0012730348148673,0.0050972854260488,0.0783592991048638
252,3.333333333333333,4.666666666666667,4.0,3.6666666666666665,2.8011695906432745,4.3391812865497075,4.192982456140351,3.327485380116959,C4,44.7450980392157,1828268.65957435,0.0013232700473904,0.0072362106096728,0.08420488519182
253,2.333333333333333,4.333333333333333,4.333333333333333,3.333333333333333,2.097701149425287,3.942528735632184,2.8160919540229883,2.201149425287356,C8,37.3846153846154,17049299.583348,0.0033839449475943,0.0153684865958087,0.143862939211413
254,1.3333333333333333,3.333333333333333,1.0,1.6666666666666667,2.5229885057471266,2.925287356321839,2.0172413793103448,2.298850574712644,C1,1992.0,1181962.64222775,0.0008926221820379,0.0083229508989198,0.123905401811319
255,3.6666666666666665,4.333333333333333,4.666666666666667,4.0,2.7966101694915255,4.429378531073446,3.864406779661017,3.3220338983050848,C5,47.2368421052632,2468052.34990774,0.0018601065234021,0.0076155282657078,0.159797141794302
256,1.6666666666666667,3.6666666666666665,3.6666666666666665,3.333333333333333,2.0564971751412426,4.271186440677966,2.8926553672316384,2.5141242937853105,C7,77.3333333333333,898113.962970916,0.0013864757001967,0.0058373078280884,0.129211338857435
257,1.3333333333333333,3.6666666666666665,1.0,1.0,2.511494252873563,4.304597701149425,3.908045977011494,2.7586206896551726,C6,46.1794871794872,112716.057658996,0.0012730348148673,0.0050972854260488,0.0783592991048638
258,3.333333333333333,5.0,3.6666666666666665,3.333333333333333,2.8011695906432745,4.3391812865497075,4.192982456140351,3.327485380116959,C4,44.7450980392157,1828268.65957435,0.0013232700473904,0.0072362106096728,0.08420488519182
259,3.0,3.0,3.6666666666666665,3.6666666666666665,2.097701149425287,3.942528735632184,2.8160919540229883,2.201149425287356,C8,37.3846153846154,17049299.583348,0.0033839449475943,0.0153684865958087,0.143862939211413
261,4.0,4.666666666666667,4.666666666666667,4.0,2.7966101694915255,4.429378531073446,3.864406779661017,3.3220338983050848,C5,47.2368421052632,2468052.34990774,0.0018601065234021,0.0076155282657078,0.159797141794302
262,1.6666666666666667,3.6666666666666665,3.6666666666666665,2.0,2.0564971751412426,4.271186440677966,2.8926553672316384,2.5141242937853105,C7,77.3333333333333,898113.962970916,0.0013864757001967,0.0058373078280884,0.129211338857435
263,1.6666666666666667,4.0,3.6666666666666665,1.6666666666666667,2.511494252873563,4.304597701149425,3.908045977011494,2.7586206896551726,C6,46.1794871794872,112716.057658996,0.0012730348148673,0.0050972854260488,0.0783592991048638
265,2.0,4.666666666666667,4.0,3.0,2.097701149425287,3.942528735632184,2.8160919540229883,2.201149425287356,C8,37.3846153846154,17049299.583348,0.0033839449475943,0.0153684865958087,0.143862939211413
266,4.0,1.0,2.6666666666666665,3.0,2.5229885057471266,2.925287356321839,2.0172413793103448,2.298850574712644,C1,1992.0,1181962.64222775,0.0008926221820379,0.0083229508989198,0.123905401811319
268,2.6666666666666665,4.333333333333333,3.6666666666666665,4.0,2.0564971751412426,4.271186440677966,2.8926553672316384,2.5141242937853105,C7,77.3333333333333,898113.962970916,0.0013864757001967,0.0058373078280884,0.129211338857435
269,4.0,4.666666666666667,4.666666666666667,3.333333333333333,2.511494252873563,4.304597701149425,3.908045977011494,2.7586206896551726,C6,46.1794871794872,112716.057658996,0.0012730348148673,0.0050972854260488,0.0783592991048638
270,1.3333333333333333,5.0,4.666666666666667,2.6666666666666665,2.8011695906432745,4.3391812865497075,4.192982456140351,3.327485380116959,C4,44.7450980392157,1828268.65957435,0.0013232700473904,0.0072362106096728,0.08420488519182
272,3.6666666666666665,1.0,1.0,1.0,2.5229885057471266,2.925287356321839,2.0172413793103448,2.298850574712644,C1,1992.0,1181962.64222775,0.0008926221820379,0.0083229508989198,0.123905401811319
275,2.0,4.0,4.0,3.333333333333333,2.511494252873563,4.304597701149425,3.908045977011494,2.7586206896551726,C6,46.1794871794872,112716.057658996,0.0012730348148673,0.0050972854260488,0.0783592991048638
276,2.6666666666666665,4.666666666666667,5.0,5.0,2.8011695906432745,4.3391812865497075,4.192982456140351,3.327485380116959,C4,44.7450980392157,1828268.65957435,0.0013232700473904,0.0072362106096728,0.08420488519182
277,2.6666666666666665,3.333333333333333,2.333333333333333,2.0,2.097701149425287,3.942528735632184,2.8160919540229883,2.201149425287356,C8,37.3846153846154,17049299.583348,0.0033839449475943,0.0153684865958087,0.143862939211413
278,3.0,4.0,2.333333333333333,1.3333333333333333,2.5229885057471266,2.925287356321839,2.0172413793103448,2.298850574712644,C1,1992.0,1181962.64222775,0.0008926221820379,0.0083229508989198,0.123905401811319
279,4.333333333333333,4.666666666666667,4.0,4.333333333333333,2.7966101694915255,4.429378531073446,3.864406779661017,3.3220338983050848,C5,47.2368421052632,2468052.34990774,0.0018601065234021,0.0076155282657078,0.159797141794302
280,2.6666666666666665,4.666666666666667,4.0,3.333333333333333,2.0564971751412426,4.271186440677966,2.8926553672316384,2.5141242937853105,C7,77.3333333333333,898113.962970916,0.0013864757001967,0.0058373078280884,0.129211338857435
281,4.0,5.0,4.666666666666667,3.0,2.511494252873563,4.304597701149425,3.908045977011494,2.7586206896551726,C6,46.1794871794872,112716.057658996,0.0012730348148673,0.0050972854260488,0.0783592991048638
282,2.0,5.0,4.0,3.6666666666666665,2.8011695906432745,4.3391812865497075,4.192982456140351,3.327485380116959,C4,44.7450980392157,1828268.65957435,0.0013232700473904,0.0072362106096728,0.08420488519182
283,2.333333333333333,3.0,4.0,2.0,2.097701149425287,3.942528735632184,2.8160919540229883,2.201149425287356,C8,37.3846153846154,17049299.583348,0.0033839449475943,0.0153684865958087,0.143862939211413
284,3.6666666666666665,3.333333333333333,1.0,1.6666666666666667,2.5229885057471266,2.925287356321839,2.0172413793103448,2.298850574712644,C1,1992.0,1181962.64222775,0.0008926221820379,0.0083229508989198,0.123905401811319
285,2.6666666666666665,4.666666666666667,3.6666666666666665,4.666666666666667,2.7966101694915255,4.429378531073446,3.864406779661017,3.3220338983050848,C5,47.2368421052632,2468052.34990774,0.0018601065234021,0.0076155282657078,0.159797141794302
286,2.0,4.666666666666667,1.6666666666666667,2.0,2.0564971751412426,4.271186440677966,2.8926553672316384,2.5141242937853105,C7,77.3333333333333,898113.962970916,0.0013864757001967,0.0058373078280884,0.129211338857435
288,2.0,4.666666666666667,4.333333333333333,3.6666666666666665,2.8011695906432745,4.3391812865497075,4.192982456140351,3.327485380116959,C4,44.7450980392157,1828268.65957435,0.0013232700473904,0.0072362106096728,0.08420488519182
290,3.333333333333333,1.6666666666666667,1.0,1.6666666666666667,2.5229885057471266,2.925287356321839,2.0172413793103448,2.298850574712644,C1,1992.0,1181962.64222775,0.0008926221820379,0.0083229508989198,0.123905401811319
291,4.0,5.0,5.0,4.333333333333333,2.7966101694915255,4.429378531073446,3.864406779661017,3.3220338983050848,C5,47.2368421052632,2468052.34990774,0.0018601065234021,0.0076155282657078,0.159797141794302
292,1.6666666666666667,2.6666666666666665,4.333333333333333,1.6666666666666667,2.0564971751412426,4.271186440677966,2.8926553672316384,2.5141242937853105,C7,77.3333333333333,898113.962970916,0.0013864757001967,0.0058373078280884,0.129211338857435
294,2.333333333333333,5.0,4.333333333333333,3.0,2.8011695906432745,4.3391812865497075,4.192982456140351,3.327485380116959,C4,44.7450980392157,1828268.65957435,0.0013232700473904,0.0072362106096728,0.08420488519182
295,3.333333333333333,4.666666666666667,4.0,3.333333333333333,2.097701149425287,3.942528735632184,2.8160919540229883,2.201149425287356,C8,37.3846153846154,17049299.583348,0.0033839449475943,0.0153684865958087,0.143862939211413
296,1.3333333333333333,3.6666666666666665,2.0,1.3333333333333333,2.5229885057471266,2.925287356321839,2.0172413793103448,2.298850574712644,C1,1992.0,1181962.64222775,0.0008926221820379,0.0083229508989198,0.123905401811319
298,1.3333333333333333,4.666666666666667,2.333333333333333,1.6666666666666667,2.0564971751412426,4.271186440677966,2.8926553672316384,2.5141242937853105,C7,77.3333333333333,898113.962970916,0.0013864757001967,0.0058373078280884,0.129211338857435
299,3.333333333333333,4.666666666666667,4.666666666666667,3.6666666666666665,2.511494252873563,4.304597701149425,3.908045977011494,2.7586206896551726,C6,46.1794871794872,112716.057658996,0.0012730348148673,0.0050972854260488,0.0783592991048638
300,1.6666666666666667,3.0,2.0,2.333333333333333,2.8011695906432745,4.3391812865497075,4.192982456140351,3.327485380116959,C4,44.7450980392157,1828268.65957435,0.0013232700473904,0.0072362106096728,0.08420488519182
302,1.6666666666666667,2.6666666666666665,1.0,3.0,2.5229885057471266,2.925287356321839,2.0172413793103448,2.298850574712644,C1,1992.0,1181962.64222775,0.0008926221820379,0.0083229508989198,0.123905401811319
304,2.333333333333333,5.0,3.6666666666666665,3.6666666666666665,2.0564971751412426,4.271186440677966,2.8926553672316384,2.5141242937853105,C7,77.3333333333333,898113.962970916,0.0013864757001967,0.0058373078280884,0.129211338857435
305,2.333333333333333,3.333333333333333,4.333333333333333,2.6666666666666665,2.511494252873563,4.304597701149425,3.908045977011494,2.7586206896551726,C6,46.1794871794872,112716.057658996,0.0012730348148673,0.0050972854260488,0.0783592991048638
306,4.0,3.6666666666666665,4.0,4.0,2.8011695906432745,4.3391812865497075,4.192982456140351,3.327485380116959,C4,44.7450980392157,1828268.65957435,0.0013232700473904,0.0072362106096728,0.08420488519182
307,2.333333333333333,4.666666666666667,1.6666666666666667,2.333333333333333,2.097701149425287,3.942528735632184,2.8160919540229883,2.201149425287356,C8,37.3846153846154,17049299.583348,0.0033839449475943,0.0153684865958087,0.143862939211413
308,2.6666666666666665,3.6666666666666665,1.6666666666666667,1.0,2.5229885057471266,2.925287356321839,2.0172413793103448,2.298850574712644,C1,1992.0,1181962.64222775,0.0008926221820379,0.0083229508989198,0.123905401811319
309,2.333333333333333,4.666666666666667,2.0,3.333333333333333,2.7966101694915255,4.429378531073446,3.864406779661017,3.3220338983050848,C5,47.2368421052632,2468052.34990774,0.0018601065234021,0.0076155282657078,0.159797141794302
313,2.333333333333333,4.333333333333333,4.0,2.333333333333333,2.097701149425287,3.942528735632184,2.8160919540229883,2.201149425287356,C8,37.3846153846154,17049299.583348,0.0033839449475943,0.0153684865958087,0.143862939211413
314,1.3333333333333333,1.6666666666666667,2.6666666666666665,3.0,2.5229885057471266,2.925287356321839,2.0172413793103448,2.298850574712644,C1,1992.0,1181962.64222775,0.0008926221820379,0.0083229508989198,0.123905401811319
315,2.333333333333333,3.6666666666666665,3.6666666666666665,4.0,2.7966101694915255,4.429378531073446,3.864406779661017,3.3220338983050848,C5,47.2368421052632,2468052.34990774,0.0018601065234021,0.0076155282657078,0.159797141794302
316,2.0,5.0,5.0,3.6666666666666665,2.0564971751412426,4.271186440677966,2.8926553672316384,2.5141242937853105,C7,77.3333333333333,898113.962970916,0.0013864757001967,0.0058373078280884,0.129211338857435
318,2.0,2.333333333333333,3.333333333333333,1.6666666666666667,2.8011695906432745,4.3391812865497075,4.192982456140351,3.327485380116959,C4,44.7450980392157,1828268.65957435,0.0013232700473904,0.0072362106096728,0.08420488519182
319,2.333333333333333,4.666666666666667,4.0,3.333333333333333,2.097701149425287,3.942528735632184,2.8160919540229883,2.201149425287356,C8,37.3846153846154,17049299.583348,0.0033839449475943,0.0153684865958087,0.143862939211413
320,3.333333333333333,3.6666666666666665,2.333333333333333,3.0,2.5229885057471266,2.925287356321839,2.0172413793103448,2.298850574712644,C1,1992.0,1181962.64222775,0.0008926221820379,0.0083229508989198,0.123905401811319
321,1.6666666666666667,4.666666666666667,4.333333333333333,3.6666666666666665,2.7966101694915255,4.429378531073446,3.864406779661017,3.3220338983050848,C5,47.2368421052632,2468052.34990774,0.0018601065234021,0.0076155282657078,0.159797141794302
323,2.6666666666666665,3.333333333333333,3.333333333333333,2.0,2.511494252873563,4.304597701149425,3.908045977011494,2.7586206896551726,C6,46.1794871794872,112716.057658996,0.0012730348148673,0.0050972854260488,0.0783592991048638
324,3.0,4.333333333333333,4.666666666666667,3.6666666666666665,2.8011695906432745,4.3391812865497075,4.192982456140351,3.327485380116959,C4,44.7450980392157,1828268.65957435,0.0013232700473904,0.0072362106096728,0.08420488519182
325,2.333333333333333,4.666666666666667,3.333333333333333,3.333333333333333,2.097701149425287,3.942528735632184,2.8160919540229883,2.201149425287356,C8,37.3846153846154,17049299.583348,0.0033839449475943,0.0153684865958087,0.143862939211413
326,2.0,2.0,1.0,1.3333333333333333,2.5229885057471266,2.925287356321839,2.0172413793103448,2.298850574712644,C1,1992.0,1181962.64222775,0.0008926221820379,0.0083229508989198,0.123905401811319
328,1.0,2.6666666666666665,2.333333333333333,1.0,2.0564971751412426,4.271186440677966,2.8926553672316384,2.5141242937853105,C7,77.3333333333333,898113.962970916,0.0013864757001967,0.0058373078280884,0.129211338857435
329,2.0,4.333333333333333,4.666666666666667,1.3333333333333333,2.511494252873563,4.304597701149425,3.908045977011494,2.7586206896551726,C6,46.1794871794872,112716.057658996,0.0012730348148673,0.0050972854260488,0.0783592991048638
331,2.0,4.666666666666667,3.333333333333333,2.0,2.097701149425287,3.942528735632184,2.8160919540229883,2.201149425287356,C8,37.3846153846154,17049299.583348,0.0033839449475943,0.0153684865958087,0.143862939211413
332,2.333333333333333,2.6666666666666665,1.6666666666666667,2.333333333333333,2.5229885057471266,2.925287356321839,2.0172413793103448,2.298850574712644,C1,1992.0,1181962.64222775,0.0008926221820379,0.0083229508989198,0.123905401811319
333,2.0,4.333333333333333,4.0,3.0,2.7966101694915255,4.429378531073446,3.864406779661017,3.3220338983050848,C5,47.2368421052632,2468052.34990774,0.0018601065234021,0.0076155282657078,0.159797141794302
334,2.0,5.0,2.333333333333333,2.0,2.0564971751412426,4.271186440677966,2.8926553672316384,2.5141242937853105,C7,77.3333333333333,898113.962970916,0.0013864757001967,0.0058373078280884,0.129211338857435
335,3.0,4.333333333333333,3.333333333333333,2.6666666666666665,2.511494252873563,4.304597701149425,3.908045977011494,2.7586206896551726,C6,46.1794871794872,112716.057658996,0.0012730348148673,0.0050972854260488,0.0783592991048638
337,2.333333333333333,4.666666666666667,3.6666666666666665,2.333333333333333,2.097701149425287,3.942528735632184,2.8160919540229883,2.201149425287356,C8,37.3846153846154,17049299.583348,0.0033839449475943,0.0153684865958087,0.143862939211413
338,1.6666666666666667,1.0,1.0,1.0,2.5229885057471266,2.925287356321839,2.0172413793103448,2.298850574712644,C1,1992.0,1181962.64222775,0.0008926221820379,0.0083229508989198,0.123905401811319
340,2.0,5.0,2.0,1.0,2.0564971751412426,4.271186440677966,2.8926553672316384,2.5141242937853105,C7,77.3333333333333,898113.962970916,0.0013864757001967,0.0058373078280884,0.129211338857435
341,2.333333333333333,4.666666666666667,3.333333333333333,3.0,2.511494252873563,4.304597701149425,3.908045977011494,2.7586206896551726,C6,46.1794871794872,112716.057658996,0.0012730348148673,0.0050972854260488,0.0783592991048638
342,4.0,4.333333333333333,3.6666666666666665,4.333333333333333,2.8011695906432745,4.3391812865497075,4.192982456140351,3.327485380116959,C4,44.7450980392157,1828268.65957435,0.0013232700473904,0.0072362106096728,0.08420488519182
343,2.333333333333333,4.0,4.0,3.333333333333333,2.097701149425287,3.942528735632184,2.8160919540229883,2.201149425287356,C8,37.3846153846154,17049299.583348,0.0033839449475943,0.0153684865958087,0.143862939211413
345,2.0,4.666666666666667,3.0,2.6666666666666665,2.7966101694915255,4.429378531073446,3.864406779661017,3.3220338983050848,C5,47.2368421052632,2468052.34990774,0.0018601065234021,0.0076155282657078,0.159797141794302
346,2.6666666666666665,2.6666666666666665,4.0,3.333333333333333,2.0564971751412426,4.271186440677966,2.8926553672316384,2.5141242937853105,C7,77.3333333333333,898113.962970916,0.0013864757001967,0.0058373078280884,0.129211338857435
348,2.6666666666666665,4.666666666666667,4.666666666666667,4.333333333333333,2.8011695906432745,4.3391812865497075,4.192982456140351,3.327485380116959,C4,44.7450980392157,1828268.65957435,0.0013232700473904,0.0072362106096728,0.08420488519182
349,2.6666666666666665,5.0,2.6666666666666665,2.0,2.097701149425287,3.942528735632184,2.8160919540229883,2.201149425287356,C8,37.3846153846154,17049299.583348,0.0033839449475943,0.0153684865958087,0.143862939211413
350,1.3333333333333333,3.6666666666666665,2.0,1.3333333333333333,2.5229885057471266,2.925287356321839,2.0172413793103448,2.298850574712644,C1,1992.0,1181962.64222775,0.0008926221820379,0.0083229508989198,0.123905401811319
352,1.3333333333333333,4.333333333333333,2.0,2.0,2.0564971751412426,4.271186440677966,2.8926553672316384,2.5141242937853105,C7,77.3333333333333,898113.962970916,0.0013864757001967,0.0058373078280884,0.129211338857435
353,3.6666666666666665,5.0,4.666666666666667,4.0,2.511494252873563,4.304597701149425,3.908045977011494,2.7586206896551726,C6,46.1794871794872,112716.057658996,0.0012730348148673,0.0050972854260488,0.0783592991048638
354,3.0,4.0,5.0,3.6666666666666665,2.8011695906432745,4.3391812865497075,4.192982456140351,3.327485380116959,C4,44.7450980392157,1828268.65957435,0.0013232700473904,0.0072362106096728,0.08420488519182
356,3.0,2.0,1.0,1.6666666666666667,2.5229885057471266,2.925287356321839,2.0172413793103448,2.298850574712644,C1,1992.0,1181962.64222775,0.0008926221820379,0.0083229508989198,0.123905401811319
357,1.6666666666666667,2.6666666666666665,4.666666666666667,2.0,2.7966101694915255,4.429378531073446,3.864406779661017,3.3220338983050848,C5,47.2368421052632,2468052.34990774,0.0018601065234021,0.0076155282657078,0.159797141794302
358,1.3333333333333333,5.0,3.6666666666666665,3.0,2.0564971751412426,4.271186440677966,2.8926553672316384,2.5141242937853105,C7,77.3333333333333,898113.962970916,0.0013864757001967,0.0058373078280884,0.129211338857435
359,4.0,4.666666666666667,5.0,3.6666666666666665,2.511494252873563,4.304597701149425,3.908045977011494,2.7586206896551726,C6,46.1794871794872,112716.057658996,0.0012730348148673,0.0050972854260488,0.0783592991048638
360,1.6666666666666667,4.666666666666667,4.0,2.333333333333333,2.8011695906432745,4.3391812865497075,4.192982456140351,3.327485380116959,C4,44.7450980392157,1828268.65957435,0.0013232700473904,0.0072362106096728,0.08420488519182
361,2.0,4.0,2.0,2.0,2.097701149425287,3.942528735632184,2.8160919540229883,2.201149425287356,C8,37.3846153846154,17049299.583348,0.0033839449475943,0.0153684865958087,0.143862939211413
362,3.333333333333333,2.333333333333333,1.6666666666666667,2.6666666666666665,2.5229885057471266,2.925287356321839,2.0172413793103448,2.298850574712644,C1,1992.0,1181962.64222775,0.0008926221820379,0.0083229508989198,0.123905401811319
363,2.333333333333333,4.666666666666667,4.0,3.6666666666666665,2.7966101694915255,4.429378531073446,3.864406779661017,3.3220338983050848,C5,47.2368421052632,2468052.34990774,0.0018601065234021,0.0076155282657078,0.159797141794302
364,2.6666666666666665,4.666666666666667,3.0,3.0,2.0564971751412426,4.271186440677966,2.8926553672316384,2.5141242937853105,C7,77.3333333333333,898113.962970916,0.0013864757001967,0.0058373078280884,0.129211338857435
365,2.333333333333333,4.333333333333333,4.333333333333333,3.0,2.511494252873563,4.304597701149425,3.908045977011494,2.7586206896551726,C6,46.1794871794872,112716.057658996,0.0012730348148673,0.0050972854260488,0.0783592991048638
366,3.0,4.666666666666667,5.0,3.6666666666666665,2.8011695906432745,4.3391812865497075,4.192982456140351,3.327485380116959,C4,44.7450980392157,1828268.65957435,0.0013232700473904,0.0072362106096728,0.08420488519182
368,3.6666666666666665,3.333333333333333,1.0,2.0,2.5229885057471266,2.925287356321839,2.0172413793103448,2.298850574712644,C1,1992.0,1181962.64222775,0.0008926221820379,0.0083229508989198,0.123905401811319
369,4.333333333333333,5.0,5.0,4.0,2.7966101694915255,4.429378531073446,3.864406779661017,3.3220338983050848,C5,47.2368421052632,2468052.34990774,0.0018601065234021,0.0076155282657078,0.159797141794302
370,2.6666666666666665,4.666666666666667,4.0,3.0,2.0564971751412426,4.271186440677966,2.8926553672316384,2.5141242937853105,C7,77.3333333333333,898113.962970916,0.0013864757001967,0.0058373078280884,0.129211338857435
371,2.0,5.0,4.0,2.6666666666666665,2.511494252873563,4.304597701149425,3.908045977011494,2.7586206896551726,C6,46.1794871794872,112716.057658996,0.0012730348148673,0.0050972854260488,0.0783592991048638
372,2.6666666666666665,4.666666666666667,3.6666666666666665,3.333333333333333,2.8011695906432745,4.3391812865497075,4.192982456140351,3.327485380116959,C4,44.7450980392157,1828268.65957435,0.0013232700473904,0.0072362106096728,0.08420488519182
373,1.6666666666666667,4.0,3.6666666666666665,2.333333333333333,2.097701149425287,3.942528735632184,2.8160919540229883,2.201149425287356,C8,37.3846153846154,17049299.583348,0.0033839449475943,0.0153684865958087,0.143862939211413
375,3.0,5.0,5.0,5.0,2.7966101694915255,4.429378531073446,3.864406779661017,3.3220338983050848,C5,47.2368421052632,2468052.34990774,0.0018601065234021,0.0076155282657078,0.159797141794302
376,2.6666666666666665,4.666666666666667,4.333333333333333,4.0,2.0564971751412426,4.271186440677966,2.8926553672316384,2.5141242937853105,C7,77.3333333333333,898113.962970916,0.0013864757001967,0.0058373078280884,0.129211338857435
377,2.333333333333333,3.6666666666666665,3.333333333333333,1.6666666666666667,2.511494252873563,4.304597701149425,3.908045977011494,2.7586206896551726,C6,46.1794871794872,112716.057658996,0.0012730348148673,0.0050972854260488,0.0783592991048638
380,3.333333333333333,3.333333333333333,4.666666666666667,4.0,2.5229885057471266,2.925287356321839,2.0172413793103448,2.298850574712644,C1,1992.0,1181962.64222775,0.0008926221820379,0.0083229508989198,0.123905401811319
381,2.0,4.333333333333333,3.6666666666666665,3.0,2.7966101694915255,4.429378531073446,3.864406779661017,3.3220338983050848,C5,47.2368421052632,2468052.34990774,0.0018601065234021,0.0076155282657078,0.159797141794302
382,2.0,4.333333333333333,2.6666666666666665,2.333333333333333,2.0564971751412426,4.271186440677966,2.8926553672316384,2.5141242937853105,C7,77.3333333333333,898113.962970916,0.0013864757001967,0.0058373078280884,0.129211338857435
383,4.0,2.6666666666666665,4.333333333333333,3.333333333333333,2.511494252873563,4.304597701149425,3.908045977011494,2.7586206896551726,C6,46.1794871794872,112716.057658996,0.0012730348148673,0.0050972854260488,0.0783592991048638
384,3.333333333333333,2.6666666666666665,3.6666666666666665,3.0,2.8011695906432745,4.3391812865497075,4.192982456140351,3.327485380116959,C4,44.7450980392157,1828268.65957435,0.0013232700473904,0.0072362106096728,0.08420488519182
385,2.0,4.0,2.6666666666666665,2.333333333333333,2.097701149425287,3.942528735632184,2.8160919540229883,2.201149425287356,C8,37.3846153846154,17049299.583348,0.0033839449475943,0.0153684865958087,0.143862939211413
386,5.0,4.0,4.333333333333333,5.0,2.5229885057471266,2.925287356321839,2.0172413793103448,2.298850574712644,C1,1992.0,1181962.64222775,0.0008926221820379,0.0083229508989198,0.123905401811319
387,1.3333333333333333,4.333333333333333,3.6666666666666665,2.333333333333333,2.7966101694915255,4.429378531073446,3.864406779661017,3.3220338983050848,C5,47.2368421052632,2468052.34990774,0.0018601065234021,0.0076155282657078,0.159797141794302
388,1.6666666666666667,5.0,1.0,1.0,2.0564971751412426,4.271186440677966,2.8926553672316384,2.5141242937853105,C7,77.3333333333333,898113.962970916,0.0013864757001967,0.0058373078280884,0.129211338857435
390,1.0,3.6666666666666665,3.0,1.0,2.8011695906432745,4.3391812865497075,4.192982456140351,3.327485380116959,C4,44.7450980392157,1828268.65957435,0.0013232700473904,0.0072362106096728,0.08420488519182
391,2.6666666666666665,2.6666666666666665,1.6666666666666667,2.0,2.097701149425287,3.942528735632184,2.8160919540229883,2.201149425287356,C8,37.3846153846154,17049299.583348,0.0033839449475943,0.0153684865958087,0.143862939211413
392,3.333333333333333,3.0,1.0,1.3333333333333333,2.5229885057471266,2.925287356321839,2.0172413793103448,2.298850574712644,C1,1992.0,1181962.64222775,0.0008926221820379,0.0083229508989198,0.123905401811319
393,2.0,5.0,3.6666666666666665,2.6666666666666665,2.7966101694915255,4.429378531073446,3.864406779661017,3.3220338983050848,C5,47.2368421052632,2468052.34990774,0.0018601065234021,0.0076155282657078,0.159797141794302
394,2.6666666666666665,4.666666666666667,4.0,3.0,2.0564971751412426,4.271186440677966,2.8926553672316384,2.5141242937853105,C7,77.3333333333333,898113.962970916,0.0013864757001967,0.0058373078280884,0.129211338857435
395,3.0,4.666666666666667,4.0,4.333333333333333,2.511494252873563,4.304597701149425,3.908045977011494,2.7586206896551726,C6,46.1794871794872,112716.057658996,0.0012730348148673,0.0050972854260488,0.0783592991048638
396,2.6666666666666665,4.666666666666667,4.666666666666667,4.333333333333333,2.8011695906432745,4.3391812865497075,4.192982456140351,3.327485380116959,C4,44.7450980392157,1828268.65957435,0.0013232700473904,0.0072362106096728,0.08420488519182
397,3.333333333333333,4.666666666666667,4.0,3.0,2.097701149425287,3.942528735632184,2.8160919540229883,2.201149425287356,C8,37.3846153846154,17049299.583348,0.0033839449475943,0.0153684865958087,0.143862939211413
398,1.6666666666666667,4.0,2.0,2.0,2.5229885057471266,2.925287356321839,2.0172413793103448,2.298850574712644,C1,1992.0,1181962.64222775,0.0008926221820379,0.0083229508989198,0.123905401811319
399,3.6666666666666665,4.0,4.0,4.0,2.7966101694915255,4.429378531073446,3.864406779661017,3.3220338983050848,C5,47.2368421052632,2468052.34990774,0.0018601065234021,0.0076155282657078,0.159797141794302
400,2.0,4.666666666666667,2.333333333333333,1.6666666666666667,2.0564971751412426,4.271186440677966,2.8926553672316384,2.5141242937853105,C7,77.3333333333333,898113.962970916,0.0013864757001967,0.0058373078280884,0.129211338857435
402,3.333333333333333,5.0,4.333333333333333,3.0,2.8011695906432745,4.3391812865497075,4.192982456140351,3.327485380116959,C4,44.7450980392157,1828268.65957435,0.0013232700473904,0.0072362106096728,0.08420488519182
403,2.6666666666666665,4.666666666666667,2.0,2.6666666666666665,2.097701149425287,3.942528735632184,2.8160919540229883,2.201149425287356,C8,37.3846153846154,17049299.583348,0.0033839449475943,0.0153684865958087,0.143862939211413
404,4.666666666666667,2.6666666666666665,1.3333333333333333,4.0,2.5229885057471266,2.925287356321839,2.0172413793103448,2.298850574712644,C1,1992.0,1181962.64222775,0.0008926221820379,0.0083229508989198,0.123905401811319
405,1.6666666666666667,3.6666666666666665,3.333333333333333,1.6666666666666667,2.7966101694915255,4.429378531073446,3.864406779661017,3.3220338983050848,C5,47.2368421052632,2468052.34990774,0.0018601065234021,0.0076155282657078,0.159797141794302
406,3.0,2.6666666666666665,4.333333333333333,4.666666666666667,2.0564971751412426,4.271186440677966,2.8926553672316384,2.5141242937853105,C7,77.3333333333333,898113.962970916,0.0013864757001967,0.0058373078280884,0.129211338857435
407,2.333333333333333,3.6666666666666665,3.0,3.0,2.511494252873563,4.304597701149425,3.908045977011494,2.7586206896551726,C6,46.1794871794872,112716.057658996,0.0012730348148673,0.0050972854260488,0.0783592991048638
409,2.0,3.0,2.6666666666666665,1.3333333333333333,2.097701149425287,3.942528735632184,2.8160919540229883,2.201149425287356,C8,37.3846153846154,17049299.583348,0.0033839449475943,0.0153684865958087,0.143862939211413
410,2.6666666666666665,3.0,2.6666666666666665,2.0,2.5229885057471266,2.925287356321839,2.0172413793103448,2.298850574712644,C1,1992.0,1181962.64222775,0.0008926221820379,0.0083229508989198,0.123905401811319
411,2.333333333333333,5.0,4.0,4.0,2.7966101694915255,4.429378531073446,3.864406779661017,3.3220338983050848,C5,47.2368421052632,2468052.34990774,0.0018601065234021,0.0076155282657078,0.159797141794302
412,1.6666666666666667,3.6666666666666665,2.333333333333333,1.6666666666666667,2.0564971751412426,4.271186440677966,2.8926553672316384,2.5141242937853105,C7,77.3333333333333,898113.962970916,0.0013864757001967,0.0058373078280884,0.129211338857435
413,1.0,3.0,3.333333333333333,1.0,2.511494252873563,4.304597701149425,3.908045977011494,2.7586206896551726,C6,46.1794871794872,112716.057658996,0.0012730348148673,0.0050972854260488,0.0783592991048638
414,4.666666666666667,5.0,5.0,5.0,2.8011695906432745,4.3391812865497075,4.192982456140351,3.327485380116959,C4,44.7450980392157,1828268.65957435,0.0013232700473904,0.0072362106096728,0.08420488519182
415,2.333333333333333,3.333333333333333,1.0,1.0,2.097701149425287,3.942528735632184,2.8160919540229883,2.201149425287356,C8,37.3846153846154,17049299.583348,0.0033839449475943,0.0153684865958087,0.143862939211413
416,1.0,2.6666666666666665,1.0,1.0,2.5229885057471266,2.925287356321839,2.0172413793103448,2.298850574712644,C1,1992.0,1181962.64222775,0.0008926221820379,0.0083229508989198,0.123905401811319
417,3.0,3.333333333333333,2.6666666666666665,2.333333333333333,2.7966101694915255,4.429378531073446,3.864406779661017,3.3220338983050848,C5,47.2368421052632,2468052.34990774,0.0018601065234021,0.0076155282657078,0.159797141794302
418,1.3333333333333333,5.0,1.0,1.0,2.0564971751412426,4.271186440677966,2.8926553672316384,2.5141242937853105,C7,77.3333333333333,898113.962970916,0.0013864757001967,0.0058373078280884,0.129211338857435
419,3.0,4.0,3.6666666666666665,2.6666666666666665,2.511494252873563,4.304597701149425,3.908045977011494,2.7586206896551726,C6,46.1794871794872,112716.057658996,0.0012730348148673,0.0050972854260488,0.0783592991048638
420,3.0,4.666666666666667,4.0,2.6666666666666665,2.8011695906432745,4.3391812865497075,4.192982456140351,3.327485380116959,C4,44.7450980392157,1828268.65957435,0.0013232700473904,0.0072362106096728,0.08420488519182
421,3.0,4.666666666666667,2.0,1.6666666666666667,2.097701149425287,3.942528735632184,2.8160919540229883,2.201149425287356,C8,37.3846153846154,17049299.583348,0.0033839449475943,0.0153684865958087,0.143862939211413
422,1.0,2.333333333333333,1.0,2.0,2.5229885057471266,2.925287356321839,2.0172413793103448,2.298850574712644,C1,1992.0,1181962.64222775,0.0008926221820379,0.0083229508989198,0.123905401811319
424,2.0,3.6666666666666665,3.0,2.333333333333333,2.0564971751412426,4.271186440677966,2.8926553672316384,2.5141242937853105,C7,77.3333333333333,898113.962970916,0.0013864757001967,0.0058373078280884,0.129211338857435
426,1.6666666666666667,4.666666666666667,3.6666666666666665,2.0,2.8011695906432745,4.3391812865497075,4.192982456140351,3.327485380116959,C4,44.7450980392157,1828268.65957435,0.0013232700473904,0.0072362106096728,0.08420488519182
427,1.6666666666666667,4.666666666666667,3.0,2.0,2.097701149425287,3.942528735632184,2.8160919540229883,2.201149425287356,C8,37.3846153846154,17049299.583348,0.0033839449475943,0.0153684865958087,0.143862939211413
428,1.6666666666666667,1.3333333333333333,2.0,3.0,2.5229885057471266,2.925287356321839,2.0172413793103448,2.298850574712644,C1,1992.0,1181962.64222775,0.0008926221820379,0.0083229508989198,0.123905401811319
430,1.3333333333333333,4.666666666666667,1.0,1.0,2.0564971751412426,4.271186440677966,2.8926553672316384,2.5141242937853105,C7,77.3333333333333,898113.962970916,0.0013864757001967,0.0058373078280884,0.129211338857435
431,2.6666666666666665,4.666666666666667,4.333333333333333,3.333333333333333,2.511494252873563,4.304597701149425,3.908045977011494,2.7586206896551726,C6,46.1794871794872,112716.057658996,0.0012730348148673,0.0050972854260488,0.0783592991048638
432,3.6666666666666665,5.0,4.666666666666667,4.333333333333333,2.8011695906432745,4.3391812865497075,4.192982456140351,3.327485380116959,C4,44.7450980392157,1828268.65957435,0.0013232700473904,0.0072362106096728,0.08420488519182
433,2.0,4.666666666666667,2.6666666666666665,1.6666666666666667,2.097701149425287,3.942528735632184,2.8160919540229883,2.201149425287356,C8,37.3846153846154,17049299.583348,0.0033839449475943,0.0153684865958087,0.143862939211413
434,1.6666666666666667,3.0,1.0,1.3333333333333333,2.5229885057471266,2.925287356321839,2.0172413793103448,2.298850574712644,C1,1992.0,1181962.64222775,0.0008926221820379,0.0083229508989198,0.123905401811319
435,3.333333333333333,4.666666666666667,3.6666666666666665,3.6666666666666665,2.7966101694915255,4.429378531073446,3.864406779661017,3.3220338983050848,C5,47.2368421052632,2468052.34990774,0.0018601065234021,0.0076155282657078,0.159797141794302
436,1.6666666666666667,5.0,2.0,2.6666666666666665,2.0564971751412426,4.271186440677966,2.8926553672316384,2.5141242937853105,C7,77.3333333333333,898113.962970916,0.0013864757001967,0.0058373078280884,0.129211338857435
440,1.0,3.0,1.0,1.0,2.5229885057471266,2.925287356321839,2.0172413793103448,2.298850574712644,C1,1992.0,1181962.64222775,0.0008926221820379,0.0083229508989198,0.123905401811319
441,4.333333333333333,4.666666666666667,4.333333333333333,4.333333333333333,2.7966101694915255,4.429378531073446,3.864406779661017,3.3220338983050848,C5,47.2368421052632,2468052.34990774,0.0018601065234021,0.0076155282657078,0.159797141794302
442,1.3333333333333333,4.333333333333333,2.333333333333333,2.333333333333333,2.0564971751412426,4.271186440677966,2.8926553672316384,2.5141242937853105,C7,77.3333333333333,898113.962970916,0.0013864757001967,0.0058373078280884,0.129211338857435
443,3.0,4.333333333333333,3.333333333333333,1.6666666666666667,2.511494252873563,4.304597701149425,3.908045977011494,2.7586206896551726,C6,46.1794871794872,112716.057658996,0.0012730348148673,0.0050972854260488,0.0783592991048638
444,4.666666666666667,4.666666666666667,4.666666666666667,4.333333333333333,2.8011695906432745,4.3391812865497075,4.192982456140351,3.327485380116959,C4,44.7450980392157,1828268.65957435,0.0013232700473904,0.0072362106096728,0.08420488519182
448,1.3333333333333333,5.0,2.6666666666666665,1.0,2.0564971751412426,4.271186440677966,2.8926553672316384,2.5141242937853105,C7,77.3333333333333,898113.962970916,0.0013864757001967,0.0058373078280884,0.129211338857435
449,1.0,4.666666666666667,3.0,1.0,2.511494252873563,4.304597701149425,3.908045977011494,2.7586206896551726,C6,46.1794871794872,112716.057658996,0.0012730348148673,0.0050972854260488,0.0783592991048638
451,1.3333333333333333,2.6666666666666665,1.3333333333333333,1.0,2.097701149425287,3.942528735632184,2.8160919540229883,2.201149425287356,C8,37.3846153846154,17049299.583348,0.0033839449475943,0.0153684865958087,0.143862939211413
452,1.0,1.3333333333333333,1.0,1.6666666666666667,2.5229885057471266,2.925287356321839,2.0172413793103448,2.298850574712644,C1,1992.0,1181962.64222775,0.0008926221820379,0.0083229508989198,0.123905401811319
453,1.3333333333333333,5.0,3.333333333333333,2.333333333333333,2.7966101694915255,4.429378531073446,3.864406779661017,3.3220338983050848,C5,47.2368421052632,2468052.34990774,0.0018601065234021,0.0076155282657078,0.159797141794302
454,1.6666666666666667,4.666666666666667,2.0,2.6666666666666665,2.0564971751412426,4.271186440677966,2.8926553672316384,2.5141242937853105,C7,77.3333333333333,898113.962970916,0.0013864757001967,0.0058373078280884,0.129211338857435
455,2.0,4.666666666666667,4.0,2.6666666666666665,2.511494252873563,4.304597701149425,3.908045977011494,2.7586206896551726,C6,46.1794871794872,112716.057658996,0.0012730348148673,0.0050972854260488,0.0783592991048638
458,1.0,3.333333333333333,1.0,2.0,2.5229885057471266,2.925287356321839,2.0172413793103448,2.298850574712644,C1,1992.0,1181962.64222775,0.0008926221820379,0.0083229508989198,0.123905401811319
317,2.333333333333333,4.666666666666667,3.6666666666666665,2.6666666666666665,2.511494252873563,4.304597701149425,3.908045977011494,2.7586206896551726,C6,46.1794871794872,112716.057658996,0.0012730348148673,0.0050972854260488,0.0783592991048638
450,4.333333333333333,5.0,5.0,4.666666666666667,2.8011695906432745,4.3391812865497075,4.192982456140351,3.327485380116959,C4,44.7450980392157,1828268.65957435,0.0013232700473904,0.0072362106096728,0.08420488519182
106,2.6666666666666665,3.0,2.0,2.0,2.0564971751412426,4.271186440677966,2.8926553672316384,2.5141242937853105,C7,77.3333333333333,898113.962970916,0.0013864757001967,0.0058373078280884,0.129211338857435
110,2.6666666666666665,3.6666666666666665,3.6666666666666665,3.333333333333333,2.5229885057471266,2.925287356321839,2.0172413793103448,2.298850574712644,C1,1992.0,1181962.64222775,0.0008926221820379,0.0083229508989198,0.123905401811319
460,2.333333333333333,4.333333333333333,3.333333333333333,3.333333333333333,2.0564971751412426,4.271186440677966,2.8926553672316384,2.5141242937853105,C7,77.3333333333333,898113.962970916,0.0013864757001967,0.0058373078280884,0.129211338857435
459,5.0,5.0,5.0,4.333333333333333,2.7966101694915255,4.429378531073446,3.864406779661017,3.3220338983050848,C5,47.2368421052632,2468052.34990774,0.0018601065234021,0.0076155282657078,0.159797141794302
116,1.6666666666666667,3.333333333333333,2.333333333333333,1.6666666666666667,2.5229885057471266,2.925287356321839,2.0172413793103448,2.298850574712644,C1,1992.0,1181962.64222775,0.0008926221820379,0.0083229508989198,0.123905401811319
115,1.6666666666666667,2.6666666666666665,3.333333333333333,2.0,2.097701149425287,3.942528735632184,2.8160919540229883,2.201149425287356,C8,37.3846153846154,17049299.583348,0.0033839449475943,0.0153684865958087,0.143862939211413
117,3.333333333333333,5.0,4.0,4.0,2.7966101694915255,4.429378531073446,3.864406779661017,3.3220338983050848,C5,47.2368421052632,2468052.34990774,0.0018601065234021,0.0076155282657078,0.159797141794302
118,1.3333333333333333,5.0,1.3333333333333333,2.333333333333333,2.0564971751412426,4.271186440677966,2.8926553672316384,2.5141242937853105,C7,77.3333333333333,898113.962970916,0.0013864757001967,0.0058373078280884,0.129211338857435
119,2.333333333333333,5.0,4.333333333333333,2.6666666666666665,2.511494252873563,4.304597701149425,3.908045977011494,2.7586206896551726,C6,46.1794871794872,112716.057658996,0.0012730348148673,0.0050972854260488,0.0783592991048638
121,2.6666666666666665,5.0,4.0,2.6666666666666665,2.097701149425287,3.942528735632184,2.8160919540229883,2.201149425287356,C8,37.3846153846154,17049299.583348,0.0033839449475943,0.0153684865958087,0.143862939211413
122,3.333333333333333,4.666666666666667,4.0,3.333333333333333,2.5229885057471266,2.925287356321839,2.0172413793103448,2.298850574712644,C1,1992.0,1181962.64222775,0.0008926221820379,0.0083229508989198,0.123905401811319
109,2.0,4.333333333333333,2.333333333333333,1.0,2.097701149425287,3.942528735632184,2.8160919540229883,2.201149425287356,C8,37.3846153846154,17049299.583348,0.0033839449475943,0.0153684865958087,0.143862939211413
111,1.0,3.0,2.333333333333333,1.0,2.7966101694915255,4.429378531073446,3.864406779661017,3.3220338983050848,C5,47.2368421052632,2468052.34990774,0.0018601065234021,0.0076155282657078,0.159797141794302
112,1.0,2.333333333333333,2.0,2.0,2.0564971751412426,4.271186440677966,2.8926553672316384,2.5141242937853105,C7,77.3333333333333,898113.962970916,0.0013864757001967,0.0058373078280884,0.129211338857435
123,3.0,4.666666666666667,4.0,3.0,2.7966101694915255,4.429378531073446,3.864406779661017,3.3220338983050848,C5,47.2368421052632,2468052.34990774,0.0018601065234021,0.0076155282657078,0.159797141794302
125,1.0,4.0,1.6666666666666667,1.0,2.511494252873563,4.304597701149425,3.908045977011494,2.7586206896551726,C6,46.1794871794872,112716.057658996,0.0012730348148673,0.0050972854260488,0.0783592991048638
105,2.333333333333333,4.666666666666667,4.0,3.0,2.7966101694915255,4.429378531073446,3.864406779661017,3.3220338983050848,C5,47.2368421052632,2468052.34990774,0.0018601065234021,0.0076155282657078,0.159797141794302
162,2.333333333333333,4.333333333333333,4.666666666666667,3.6666666666666665,2.8011695906432745,4.3391812865497075,4.192982456140351,3.327485380116959,C4,44.7450980392157,1828268.65957435,0.0013232700473904,0.0072362106096728,0.08420488519182
174,3.6666666666666665,4.666666666666667,4.0,3.0,2.8011695906432745,4.3391812865497075,4.192982456140351,3.327485380116959,C4,44.7450980392157,1828268.65957435,0.0013232700473904,0.0072362106096728,0.08420488519182
175,2.0,2.6666666666666665,2.0,2.333333333333333,2.097701149425287,3.942528735632184,2.8160919540229883,2.201149425287356,C8,37.3846153846154,17049299.583348,0.0033839449475943,0.0153684865958087,0.143862939211413
184,2.0,4.333333333333333,3.6666666666666665,2.6666666666666665,2.0564971751412426,4.271186440677966,2.8926553672316384,2.5141242937853105,C7,77.3333333333333,898113.962970916,0.0013864757001967,0.0058373078280884,0.129211338857435
201,2.333333333333333,4.333333333333333,5.0,5.0,2.7966101694915255,4.429378531073446,3.864406779661017,3.3220338983050848,C5,47.2368421052632,2468052.34990774,0.0018601065234021,0.0076155282657078,0.159797141794302
236,1.0,1.0,1.0,1.0,2.5229885057471266,2.925287356321839,2.0172413793103448,2.298850574712644,C1,1992.0,1181962.64222775,0.0008926221820379,0.0083229508989198,0.123905401811319
244,3.0,5.0,3.6666666666666665,3.0,2.0564971751412426,4.271186440677966,2.8926553672316384,2.5141242937853105,C7,77.3333333333333,898113.962970916,0.0013864757001967,0.0058373078280884,0.129211338857435
347,3.333333333333333,4.0,4.666666666666667,3.6666666666666665,2.511494252873563,4.304597701149425,3.908045977011494,2.7586206896551726,C6,46.1794871794872,112716.057658996,0.0012730348148673,0.0050972854260488,0.0783592991048638
401,1.6666666666666667,4.333333333333333,2.6666666666666665,1.0,2.511494252873563,4.304597701149425,3.908045977011494,2.7586206896551726,C6,46.1794871794872,112716.057658996,0.0012730348148673,0.0050972854260488,0.0783592991048638
429,3.0,4.666666666666667,3.6666666666666665,3.6666666666666665,2.7966101694915255,4.429378531073446,3.864406779661017,3.3220338983050848,C5,47.2368421052632,2468052.34990774,0.0018601065234021,0.0076155282657078,0.159797141794302
437,2.6666666666666665,3.0,3.6666666666666665,3.0,2.511494252873563,4.304597701149425,3.908045977011494,2.7586206896551726,C6,46.1794871794872,112716.057658996,0.0012730348148673,0.0050972854260488,0.0783592991048638
425,2.333333333333333,4.666666666666667,4.666666666666667,2.333333333333333,2.511494252873563,4.304597701149425,3.908045977011494,2.7586206896551726,C6,46.1794871794872,112716.057658996,0.0012730348148673,0.0050972854260488,0.0783592991048638
447,2.6666666666666665,4.666666666666667,4.0,3.0,2.7966101694915255,4.429378531073446,3.864406779661017,3.3220338983050848,C5,47.2368421052632,2468052.34990774,0.0018601065234021,0.0076155282657078,0.159797141794302
445,2.0,4.666666666666667,2.6666666666666665,1.6666666666666667,2.097701149425287,3.942528735632184,2.8160919540229883,2.201149425287356,C8,37.3846153846154,17049299.583348,0.0033839449475943,0.0153684865958087,0.143862939211413
446,4.0,3.0,3.0,3.333333333333333,2.5229885057471266,2.925287356321839,2.0172413793103448,2.298850574712644,C1,1992.0,1181962.64222775,0.0008926221820379,0.0083229508989198,0.123905401811319
108,4.666666666666667,3.6666666666666665,5.0,4.333333333333333,2.8011695906432745,4.3391812865497075,4.192982456140351,3.327485380116959,C4,44.7450980392157,1828268.65957435,0.0013232700473904,0.0072362106096728,0.08420488519182
183,2.6666666666666665,5.0,4.333333333333333,4.0,2.7966101694915255,4.429378531073446,3.864406779661017,3.3220338983050848,C5,47.2368421052632,2468052.34990774,0.0018601065234021,0.0076155282657078,0.159797141794302
264,2.333333333333333,5.0,4.333333333333333,3.333333333333333,2.8011695906432745,4.3391812865497075,4.192982456140351,3.327485380116959,C4,44.7450980392157,1828268.65957435,0.0013232700473904,0.0072362106096728,0.08420488519182
200,4.333333333333333,4.333333333333333,3.6666666666666665,3.333333333333333,2.5229885057471266,2.925287356321839,2.0172413793103448,2.298850574712644,C1,1992.0,1181962.64222775,0.0008926221820379,0.0083229508989198,0.123905401811319
245,2.0,4.333333333333333,3.333333333333333,3.6666666666666665,2.511494252873563,4.304597701149425,3.908045977011494,2.7586206896551726,C6,46.1794871794872,112716.057658996,0.0012730348148673,0.0050972854260488,0.0783592991048638
311,2.333333333333333,4.333333333333333,4.666666666666667,4.0,2.511494252873563,4.304597701149425,3.908045977011494,2.7586206896551726,C6,46.1794871794872,112716.057658996,0.0012730348148673,0.0050972854260488,0.0783592991048638
438,2.6666666666666665,4.0,5.0,3.333333333333333,2.8011695906432745,4.3391812865497075,4.192982456140351,3.327485380116959,C4,44.7450980392157,1828268.65957435,0.0013232700473904,0.0072362106096728,0.08420488519182
457,3.333333333333333,4.333333333333333,4.666666666666667,4.666666666666667,2.097701149425287,3.942528735632184,2.8160919540229883,2.201149425287356,C8,37.3846153846154,17049299.583348,0.0033839449475943,0.0153684865958087,0.143862939211413
107,2.333333333333333,4.333333333333333,5.0,4.0,2.511494252873563,4.304597701149425,3.908045977011494,2.7586206896551726,C6,46.1794871794872,112716.057658996,0.0012730348148673,0.0050972854260488,0.0783592991048638
126,2.6666666666666665,4.333333333333333,4.0,3.6666666666666665,2.8011695906432745,4.3391812865497075,4.192982456140351,3.327485380116959,C4,44.7450980392157,1828268.65957435,0.0013232700473904,0.0072362106096728,0.08420488519182
260,2.6666666666666665,3.0,2.0,1.6666666666666667,2.5229885057471266,2.925287356321839,2.0172413793103448,2.298850574712644,C1,1992.0,1181962.64222775,0.0008926221820379,0.0083229508989198,0.123905401811319
161,2.6666666666666665,4.666666666666667,4.666666666666667,3.6666666666666665,2.511494252873563,4.304597701149425,3.908045977011494,2.7586206896551726,C6,46.1794871794872,112716.057658996,0.0012730348148673,0.0050972854260488,0.0783592991048638
197,4.0,5.0,4.666666666666667,4.0,2.511494252873563,4.304597701149425,3.908045977011494,2.7586206896551726,C6,46.1794871794872,112716.057658996,0.0012730348148673,0.0050972854260488,0.0783592991048638
423,2.6666666666666665,5.0,4.333333333333333,3.333333333333333,2.7966101694915255,4.429378531073446,3.864406779661017,3.3220338983050848,C5,47.2368421052632,2468052.34990774,0.0018601065234021,0.0076155282657078,0.159797141794302
172,2.6666666666666665,4.0,2.0,2.6666666666666665,2.0564971751412426,4.271186440677966,2.8926553672316384,2.5141242937853105,C7,77.3333333333333,898113.962970916,0.0013864757001967,0.0058373078280884,0.129211338857435
456,3.333333333333333,4.333333333333333,5.0,4.0,2.8011695906432745,4.3391812865497075,4.192982456140351,3.327485380116959,C4,44.7450980392157,1828268.65957435,0.0013232700473904,0.0072362106096728,0.08420488519182
179,4.0,4.666666666666667,4.0,3.6666666666666665,2.511494252873563,4.304597701149425,3.908045977011494,2.7586206896551726,C6,46.1794871794872,112716.057658996,0.0012730348148673,0.0050972854260488,0.0783592991048638
103,2.0,4.0,2.0,2.0,2.097701149425287,3.942528735632184,2.8160919540229883,2.201149425287356,C8,37.3846153846154,17049299.583348,0.0033839449475943,0.0153684865958087,0.143862939211413
129,2.333333333333333,4.333333333333333,3.6666666666666665,3.0,2.7966101694915255,4.429378531073446,3.864406779661017,3.3220338983050848,C5,47.2368421052632,2468052.34990774,0.0018601065234021,0.0076155282657078,0.159797141794302
144,2.0,5.0,2.0,1.0,2.8011695906432745,4.3391812865497075,4.192982456140351,3.327485380116959,C4,44.7450980392157,1828268.65957435,0.0013232700473904,0.0072362106096728,0.08420488519182
148,2.0,5.0,2.0,3.333333333333333,2.0564971751412426,4.271186440677966,2.8926553672316384,2.5141242937853105,C7,77.3333333333333,898113.962970916,0.0013864757001967,0.0058373078280884,0.129211338857435
151,1.6666666666666667,3.333333333333333,1.6666666666666667,1.0,2.097701149425287,3.942528735632184,2.8160919540229883,2.201149425287356,C8,37.3846153846154,17049299.583348,0.0033839449475943,0.0153684865958087,0.143862939211413
160,1.6666666666666667,3.333333333333333,2.0,2.333333333333333,2.0564971751412426,4.271186440677966,2.8926553672316384,2.5141242937853105,C7,77.3333333333333,898113.962970916,0.0013864757001967,0.0058373078280884,0.129211338857435
165,2.6666666666666665,4.666666666666667,3.6666666666666665,3.333333333333333,2.7966101694915255,4.429378531073446,3.864406779661017,3.3220338983050848,C5,47.2368421052632,2468052.34990774,0.0018601065234021,0.0076155282657078,0.159797141794302
167,1.6666666666666667,5.0,4.0,2.0,2.511494252873563,4.304597701149425,3.908045977011494,2.7586206896551726,C6,46.1794871794872,112716.057658996,0.0012730348148673,0.0050972854260488,0.0783592991048638
185,2.6666666666666665,4.666666666666667,4.666666666666667,3.6666666666666665,2.511494252873563,4.304597701149425,3.908045977011494,2.7586206896551726,C6,46.1794871794872,112716.057658996,0.0012730348148673,0.0050972854260488,0.0783592991048638
193,1.0,4.333333333333333,2.0,1.6666666666666667,2.097701149425287,3.942528735632184,2.8160919540229883,2.201149425287356,C8,37.3846153846154,17049299.583348,0.0033839449475943,0.0153684865958087,0.143862939211413
205,2.333333333333333,4.333333333333333,2.6666666666666665,3.333333333333333,2.097701149425287,3.942528735632184,2.8160919540229883,2.201149425287356,C8,37.3846153846154,17049299.583348,0.0033839449475943,0.0153684865958087,0.143862939211413
216,3.333333333333333,4.333333333333333,5.0,4.333333333333333,2.8011695906432745,4.3391812865497075,4.192982456140351,3.327485380116959,C4,44.7450980392157,1828268.65957435,0.0013232700473904,0.0072362106096728,0.08420488519182
222,1.6666666666666667,3.333333333333333,2.333333333333333,1.6666666666666667,2.8011695906432745,4.3391812865497075,4.192982456140351,3.327485380116959,C4,44.7450980392157,1828268.65957435,0.0013232700473904,0.0072362106096728,0.08420488519182
225,3.333333333333333,5.0,3.6666666666666665,4.333333333333333,2.7966101694915255,4.429378531073446,3.864406779661017,3.3220338983050848,C5,47.2368421052632,2468052.34990774,0.0018601065234021,0.0076155282657078,0.159797141794302
226,2.0,4.666666666666667,3.0,3.6666666666666665,2.0564971751412426,4.271186440677966,2.8926553672316384,2.5141242937853105,C7,77.3333333333333,898113.962970916,0.0013864757001967,0.0058373078280884,0.129211338857435
228,2.0,5.0,5.0,2.333333333333333,2.8011695906432745,4.3391812865497075,4.192982456140351,3.327485380116959,C4,44.7450980392157,1828268.65957435,0.0013232700473904,0.0072362106096728,0.08420488519182
246,2.333333333333333,5.0,3.6666666666666665,3.333333333333333,2.8011695906432745,4.3391812865497075,4.192982456140351,3.327485380116959,C4,44.7450980392157,1828268.65957435,0.0013232700473904,0.0072362106096728,0.08420488519182
271,2.0,4.333333333333333,3.0,2.333333333333333,2.097701149425287,3.942528735632184,2.8160919540229883,2.201149425287356,C8,37.3846153846154,17049299.583348,0.0033839449475943,0.0153684865958087,0.143862939211413
287,1.6666666666666667,5.0,4.666666666666667,2.6666666666666665,2.511494252873563,4.304597701149425,3.908045977011494,2.7586206896551726,C6,46.1794871794872,112716.057658996,0.0012730348148673,0.0050972854260488,0.0783592991048638
289,2.0,4.666666666666667,3.333333333333333,3.0,2.097701149425287,3.942528735632184,2.8160919540229883,2.201149425287356,C8,37.3846153846154,17049299.583348,0.0033839449475943,0.0153684865958087,0.143862939211413
293,3.0,4.666666666666667,4.666666666666667,3.333333333333333,2.511494252873563,4.304597701149425,3.908045977011494,2.7586206896551726,C6,46.1794871794872,112716.057658996,0.0012730348148673,0.0050972854260488,0.0783592991048638
301,2.0,3.6666666666666665,2.6666666666666665,1.3333333333333333,2.097701149425287,3.942528735632184,2.8160919540229883,2.201149425287356,C8,37.3846153846154,17049299.583348,0.0033839449475943,0.0153684865958087,0.143862939211413
303,2.6666666666666665,4.0,4.0,2.6666666666666665,2.7966101694915255,4.429378531073446,3.864406779661017,3.3220338983050848,C5,47.2368421052632,2468052.34990774,0.0018601065234021,0.0076155282657078,0.159797141794302
310,2.0,4.666666666666667,4.0,2.6666666666666665,2.0564971751412426,4.271186440677966,2.8926553672316384,2.5141242937853105,C7,77.3333333333333,898113.962970916,0.0013864757001967,0.0058373078280884,0.129211338857435
322,2.0,4.666666666666667,4.0,3.0,2.0564971751412426,4.271186440677966,2.8926553672316384,2.5141242937853105,C7,77.3333333333333,898113.962970916,0.0013864757001967,0.0058373078280884,0.129211338857435
327,4.333333333333333,5.0,5.0,3.6666666666666665,2.7966101694915255,4.429378531073446,3.864406779661017,3.3220338983050848,C5,47.2368421052632,2468052.34990774,0.0018601065234021,0.0076155282657078,0.159797141794302
330,4.0,4.0,4.666666666666667,4.333333333333333,2.8011695906432745,4.3391812865497075,4.192982456140351,3.327485380116959,C4,44.7450980392157,1828268.65957435,0.0013232700473904,0.0072362106096728,0.08420488519182
336,3.6666666666666665,4.666666666666667,4.333333333333333,4.0,2.8011695906432745,4.3391812865497075,4.192982456140351,3.327485380116959,C4,44.7450980392157,1828268.65957435,0.0013232700473904,0.0072362106096728,0.08420488519182
339,1.0,3.6666666666666665,2.0,2.0,2.7966101694915255,4.429378531073446,3.864406779661017,3.3220338983050848,C5,47.2368421052632,2468052.34990774,0.0018601065234021,0.0076155282657078,0.159797141794302
344,4.0,2.0,2.0,4.666666666666667,2.5229885057471266,2.925287356321839,2.0172413793103448,2.298850574712644,C1,1992.0,1181962.64222775,0.0008926221820379,0.0083229508989198,0.123905401811319
367,2.0,2.6666666666666665,1.6666666666666667,1.3333333333333333,2.097701149425287,3.942528735632184,2.8160919540229883,2.201149425287356,C8,37.3846153846154,17049299.583348,0.0033839449475943,0.0153684865958087,0.143862939211413
374,2.6666666666666665,3.0,2.0,3.333333333333333,2.5229885057471266,2.925287356321839,2.0172413793103448,2.298850574712644,C1,1992.0,1181962.64222775,0.0008926221820379,0.0083229508989198,0.123905401811319
378,2.0,4.333333333333333,4.0,4.0,2.8011695906432745,4.3391812865497075,4.192982456140351,3.327485380116959,C4,44.7450980392157,1828268.65957435,0.0013232700473904,0.0072362106096728,0.08420488519182
101,2.0,4.666666666666667,4.666666666666667,3.0,2.511494252873563,4.304597701149425,3.908045977011494,2.7586206896551726,C6,46.1794871794872,112716.057658996,0.0012730348148673,0.0050972854260488,0.0783592991048638
120,3.0,3.6666666666666665,4.666666666666667,3.333333333333333,2.8011695906432745,4.3391812865497075,4.192982456140351,3.327485380116959,C4,44.7450980392157,1828268.65957435,0.0013232700473904,0.0072362106096728,0.08420488519182
104,1.3333333333333333,3.0,2.0,1.6666666666666667,2.5229885057471266,2.925287356321839,2.0172413793103448,2.298850574712644,C1,1992.0,1181962.64222775,0.0008926221820379,0.0083229508989198,0.123905401811319
113,2.0,3.6666666666666665,3.0,2.0,2.511494252873563,4.304597701149425,3.908045977011494,2.7586206896551726,C6,46.1794871794872,112716.057658996,0.0012730348148673,0.0050972854260488,0.0783592991048638
267,2.333333333333333,4.666666666666667,3.6666666666666665,2.6666666666666665,2.7966101694915255,4.429378531073446,3.864406779661017,3.3220338983050848,C5,47.2368421052632,2468052.34990774,0.0018601065234021,0.0076155282657078,0.159797141794302
297,3.6666666666666665,5.0,4.333333333333333,3.0,2.7966101694915255,4.429378531073446,3.864406779661017,3.3220338983050848,C5,47.2368421052632,2468052.34990774,0.0018601065234021,0.0076155282657078,0.159797141794302
351,3.6666666666666665,4.666666666666667,4.333333333333333,4.0,2.7966101694915255,4.429378531073446,3.864406779661017,3.3220338983050848,C5,47.2368421052632,2468052.34990774,0.0018601065234021,0.0076155282657078,0.159797141794302
408,2.333333333333333,4.666666666666667,4.0,3.0,2.8011695906432745,4.3391812865497075,4.192982456140351,3.327485380116959,C4,44.7450980392157,1828268.65957435,0.0013232700473904,0.0072362106096728,0.08420488519182
439,2.0,4.666666666666667,3.0,2.6666666666666665,2.097701149425287,3.942528735632184,2.8160919540229883,2.201149425287356,C8,37.3846153846154,17049299.583348,0.0033839449475943,0.0153684865958087,0.143862939211413
389,2.0,3.6666666666666665,2.0,1.0,2.511494252873563,4.304597701149425,3.908045977011494,2.7586206896551726,C6,46.1794871794872,112716.057658996,0.0012730348148673,0.0050972854260488,0.0783592991048638
273,2.0,4.666666666666667,3.6666666666666665,2.6666666666666665,2.7966101694915255,4.429378531073446,3.864406779661017,3.3220338983050848,C5,47.2368421052632,2468052.34990774,0.0018601065234021,0.0076155282657078,0.159797141794302
133,1.3333333333333333,4.0,1.6666666666666667,1.6666666666666667,2.097701149425287,3.942528735632184,2.8160919540229883,2.201149425287356,C8,37.3846153846154,17049299.583348,0.0033839449475943,0.0153684865958087,0.143862939211413
355,2.6666666666666665,3.0,2.0,2.0,2.097701149425287,3.942528735632184,2.8160919540229883,2.201149425287356,C8,37.3846153846154,17049299.583348,0.0033839449475943,0.0153684865958087,0.143862939211413
